{
  "mean_peak_position": {
    "mean": 2.71,
    "std": 1.6025833311666928,
    "min": 0.02666666666666667,
    "max": 4.876666666666667
  },
  "attention_spread": {
    "mean": 1.3958622552351583,
    "std": 0.12540944086991468,
    "min": 1.1333581447711705,
    "max": 1.6644968280318928
  },
  "max_attention": {
    "mean": 0.9635137755749341,
    "std": 0.02823144676855953,
    "min": 0.892595063375552,
    "max": 0.9972957879245276
  },
  "attention_above_threshold": {
    "mean": 0.022300000000000004,
    "std": 0.016971184729155212,
    "min": 0.0026666666666666666,
    "max": 0.06133333333333333
  }
}