{
  "mean_peak_position": {
    "mean": 2.182166666666667,
    "std": 1.4645796799385442,
    "min": 0.013333333333333334,
    "max": 4.93
  },
  "attention_spread": {
    "mean": 1.4393600279501952,
    "std": 0.14164828333405838,
    "min": 1.053853677655714,
    "max": 1.6749446902218865
  },
  "max_attention": {
    "mean": 0.9731039988757383,
    "std": 0.022676717374113003,
    "min": 0.9262723478179806,
    "max": 0.9997864404147748
  },
  "attention_above_threshold": {
    "mean": 0.0196,
    "std": 0.011898459284013766,
    "min": 0.0033333333333333335,
    "max": 0.052
  }
}