{
  "mean_peak_position": {
    "mean": 2.2864999999999998,
    "std": 1.460548783848044,
    "min": 0.0,
    "max": 4.833333333333333
  },
  "attention_spread": {
    "mean": 1.117002527313495,
    "std": 0.5763070037809087,
    "min": 0.013707762327731085,
    "max": 1.5643254913048403
  },
  "max_attention": {
    "mean": 0.9902796839279999,
    "std": 0.006523827196450955,
    "min": 0.9773182121414266,
    "max": 1.0
  },
  "attention_above_threshold": {
    "mean": 0.069,
    "std": 0.05248767050989742,
    "min": 0.006,
    "max": 0.18133333333333335
  }
}