{
  "config": {},
  "train_loss": [
    1.2942461460650325,
    1.1937415540337324,
    1.1555833291864681,
    1.13320928130916,
    1.121622577041923,
    1.1048034086912693,
    1.0926345269718094,
    1.079244977402354,
    1.0866692410912104,
    1.0663704766246849,
    1.068047199271872,
    1.055031496369672,
    1.0442433099665804,
    1.0370313545722447,
    1.036828245290977,
    1.0340000353530496,
    1.0182403640713757,
    1.027809706514705,
    1.0210272573722812,
    1.018057761137595,
    1.0184072526748071,
    1.0105491844182481,
    1.0153067778208535,
    0.9987802618218515,
    0.9995742826880571,
    1.000569842740923,
    0.9909323216257933,
    1.0002841324863319,
    0.9842247607227333,
    0.9920059941604942,
    0.9866789260845699,
    0.9816433261195104,
    0.9784981782683831,
    0.9820490532411549,
    0.987805881334874,
    0.976370870174762
  ],
  "train_acc": [
    0.3924125666864256,
    0.42816585031042337,
    0.4753689202258759,
    0.4927775871213303,
    0.5081583627117586,
    0.5165819112095592,
    0.5236639316132655,
    0.5287180607119458,
    0.5341153714160921,
    0.54275730820828,
    0.5417901600474214,
    0.5435996630580601,
    0.557326927276698,
    0.5561101924936823,
    0.5564221757713786,
    0.5613827098867501,
    0.5593860169094936,
    0.5625682463419961,
    0.5618194864755249,
    0.5621938664087605,
    0.5665616322965089,
    0.5663432440021214,
    0.5621938664087605,
    0.5721773312950426,
    0.5709605965120269,
    0.5713037781174929,
    0.5700558450067077,
    0.5734252644058279,
    0.5748291891554612,
    0.576201915577325,
    0.5792905500265185,
    0.5758275356440895,
    0.57748104701588,
    0.5752035690886969,
    0.5773562537048014,
    0.5833463326365707
  ],
  "val_loss": [
    1.21708578851125,
    1.1897249185059169,
    1.1459205734403166,
    1.1188911939864834,
    1.1117902931557397,
    1.1187965561674065,
    1.0934081732818526,
    1.0895624867721236,
    1.076292569166449,
    1.0939225811664373,
    1.0793781488725585,
    1.0873334492178268,
    1.0596624954378224,
    1.0605804667080918,
    1.055699754931611,
    1.0732739897759538,
    1.0515560599630827,
    1.0528388508514726,
    1.0564461634175417,
    1.0441969615411542,
    1.0464501802779769,
    1.0545381962164353,
    1.036932438680026,
    1.0405045248329912,
    1.0262298161444598,
    1.0274601586877483,
    1.034220219951242,
    1.037299679226527,
    1.028355628864406,
    1.0322375136967663,
    1.034752221548394,
    1.0293350875649823,
    1.0297415300727435,
    1.0308405755589543,
    1.0274624177446103,
    1.0284719786959695
  ],
  "val_acc": [
    0.3065808297567954,
    0.386552217453505,
    0.47896995708154505,
    0.5008583690987124,
    0.49470672389127324,
    0.4891273247496423,
    0.5605150214592275,
    0.5107296137339056,
    0.5642346208869814,
    0.5449213161659514,
    0.5092989985693849,
    0.5336194563662375,
    0.5795422031473534,
    0.5752503576537912,
    0.5616595135908441,
    0.5546494992846924,
    0.5708154506437768,
    0.5406294706723891,
    0.5555078683834048,
    0.58068669527897,
    0.5539341917024321,
    0.5625178826895565,
    0.5874105865522175,
    0.5420600858369099,
    0.5869814020028612,
    0.588555078683834,
    0.5715307582260372,
    0.578826895565093,
    0.5812589413447783,
    0.5801144492131617,
    0.5701001430615165,
    0.5771101573676681,
    0.567238912732475,
    0.5628040057224607,
    0.5819742489270386,
    0.5766809728183119
  ],
  "val_f1": [
    0.338632115784914,
    0.4086186586658701,
    0.4843861863590479,
    0.5113663803545211,
    0.505832701299026,
    0.5128816929397559,
    0.5631643779987917,
    0.5277737292637662,
    0.5640596647068451,
    0.5596896084446183,
    0.5335214053108678,
    0.5474350990967567,
    0.5798267152009426,
    0.5802431641437737,
    0.5753584386981908,
    0.5659558931108921,
    0.5808956495899236,
    0.5626115960874865,
    0.5693428771777951,
    0.5904160308780168,
    0.5738820958480321,
    0.5784198182028758,
    0.5854648578965768,
    0.5649033077494603,
    0.5956398530518765,
    0.5983219094620529,
    0.5820795518208893,
    0.5854773418198881,
    0.5912263115950444,
    0.5915542472843056,
    0.5853573155322764,
    0.5910825798885855,
    0.581301084161058,
    0.5765529141975478,
    0.5920097772325549,
    0.5858611604293392
  ],
  "val_auroc": [
    0.576593829796697,
    0.6029483185103328,
    0.6302660392408376,
    0.6484978105923737,
    0.6631000042110566,
    0.6672719066846938,
    0.6802659653858215,
    0.6805961642371904,
    0.6917204907592769,
    0.6924542584938413,
    0.6854508852900141,
    0.6881145065448511,
    0.7112297922970301,
    0.7079971581829293,
    0.709378442702662,
    0.706321192665357,
    0.712176239640312,
    0.7106260090894074,
    0.7098164195184801,
    0.7168532949860974,
    0.716314875184939,
    0.7138070837465844,
    0.7207114756725119,
    0.7212401170846635,
    0.7274815532523741,
    0.7286782176941264,
    0.7219118403873614,
    0.7183805577599858,
    0.7268895683611509,
    0.7235474628256671,
    0.7233824898990506,
    0.7264015267022167,
    0.7262748040992164,
    0.7239328780657669,
    0.7270035854254552,
    0.7257752383351286
  ],