{
  "config": {},
  "train_loss": [
    1.3576689956428336,
    1.1995238535266985,
    1.143396959030371,
    1.1173807713839647,
    1.101001090926232,
    1.0905886825254496,
    1.0741274186389909,
    1.06867999181473,
    1.0585093701914918,
    1.0557854769470023,
    1.0513747641079718,
    1.0510387140855515,
    1.0446336610282925,
    1.0460592072001464,
    1.0402904255784673,
    1.0361535574892442,
    1.0345110729229536,
    1.0345316831585314,
    1.0316405675822882,
    1.0275965637440303,
    1.028328029586257,
    1.0281762531121,
    1.0254526174754548
  ],
  "train_acc": [
    0.41660455894140314,
    0.27461926792569574,
    0.33564889682617804,
    0.365038741158438,
    0.38703190696497125,
    0.395680114746952,
    0.4081250966771195,
    0.4129624681844388,
    0.4165623725619788,
    0.42343875240813916,
    0.4248168408026662,
    0.43114479771631065,
    0.4291901621363183,
    0.4285573664449538,
    0.4317072827753013,
    0.4396523842335438,
    0.4351103173821945,
    0.44066485733972693,
    0.44088985136332315,
    0.4376977486535514,
    0.44285854906979033,
    0.44335072349640714,
    0.4444475693614388
  ],
  "val_loss": [
    1.2894024580717087,
    1.1822377637028694,
    1.1585367595156033,
    1.1514213368296624,
    1.1358519131938616,
    1.157183139026165,
    1.1265363410115241,
    1.1291972021261851,
    1.1251246710618337,
    1.127650470783313,
    1.1307304449379445,
    1.1216053935388723,
    1.1205205666522184,
    1.121745334068934,
    1.1204296787579855,
    1.1167491602400939,
    1.124690268188715,
    1.1123300140102705,
    1.1177643552422523,
    1.1111070243020853,
    1.1125216523806254,
    1.1124949822823207,
    1.112190189709266
  ],
  "val_acc": [
    0.37760450792818767,
    0.42438736731752064,
    0.4551172847595335,
    0.45046520770541215,
    0.45741056218057924,
    0.43690210981522737,
    0.454855195911414,
    0.4518411741580396,
    0.4608177172061329,
    0.45288952955051764,
    0.4551828069715634,
    0.4457476084392609,
    0.47162888219106275,
    0.4568863844843402,
    0.44384746429039446,
    0.4517756519460097,
    0.44148866465731884,
    0.4550517625475036,
    0.450006552221203,
    0.45492071812344387,
    0.4538723627309658,
    0.4515135630978902,
    0.45413445157908533
  ],
  "val_f1": [
    0.36166280635640385,
    0.4060676381013019,
    0.4189958409856345,
    0.4204473994805528,
    0.4318404249993519,
    0.4185256294427817,
    0.4314416964390278,
    0.4307217448627616,
    0.4434846255542221,
    0.443080416667335,
    0.4456480181299471,
    0.4430823525147172,
    0.46046730489838883,
    0.45161646388883225,
    0.4466003108521138,
    0.45710811787489525,
    0.4464220655575887,
    0.4522607959990836,
    0.45217651121203706,
    0.45463517067253123,
    0.4513598522752622,
    0.4518568001319842,
    0.45064916172516933
  ],
  "val_auroc": [
    0.5356989510555276,
    0.5462084311551231,
    0.5560396325866309,
    0.5641505661459003,
    0.572200812795263,
    0.5766393166176184,
    0.5839022759830509,
    0.5853087229753346,
    0.5880650435712068,
    0.5889757334454716,
    0.5900185232070102,
    0.5913044981044981,
    0.5942601713802809,
    0.5941780603489974,
    0.5951079661666597,
    0.5966044480229663,
    0.5955781325239665,
    0.5985917059995027,
    0.5980978710470859,
    0.5997952987253532,
    0.599753694094602,
    0.5998632472827288,
    0.6003582322076252
  ],
  "val_sensitivity": [
    [
      0.5520668624350576,
      0.47466467958271236,
      0.013052631578947368,
      0.5569620253164557
    ],
    [
      0.6193810707025074,
      0.37183308494783907,
      0.048,
      0.8417721518987342
    ],
    [
      0.68319403659363,
      0.349478390461997,
      0.032842105263157895,
      0.8607594936708861
    ],
    [
      0.6679466907612378,
      0.3740685543964232,
      0.03873684210526316,
      0.870253164556962
    ],
    [
      0.6678337474587757,
      0.3919523099850969,
      0.05726315789473684,
      0.8544303797468354
    ],
    [
      0.6368872825841427,
      0.39046199701937406,
      0.04547368421052632,
      0.9145569620253164
    ],
    [
      0.6571041337248701,
      0.43591654247391953,
      0.05452631578947369,
      0.8860759493670886
    ],
    [
      0.6512310819968375,
      0.43889716840536513,
      0.05473684210526316,
      0.8892405063291139
    ],
    [
      0.6608312627061216,
      0.39716840536512665,
      0.07810526315789473,
      0.879746835443038
    ],
    [
      0.6395979218432347,
      0.4008941877794337,
      0.09073684210526316,
      0.8860759493670886
    ],
    [
      0.6434379941269482,
      0.3926974664679583,
      0.09305263157894737,
      0.8892405063291139
    ],
    [
      0.6119268127400045,
      0.45603576751117736,
      0.10442105263157894,
      0.8765822784810127
    ],
    [
      0.6642195617799864,
      0.37555886736214605,
      0.1128421052631579,
      0.8765822784810127
    ],
    [
      0.6347413598373617,
      0.4128166915052161,
      0.10989473684210527,
      0.8765822784810127
    ],
    [
      0.6011971990060989,
      0.4463487332339791,
      0.12084210526315789,
      0.879746835443038
    ],
    [
      0.6044725547775017,
      0.4090909090909091,
      0.15136842105263157,
      0.870253164556962
    ],
    [
      0.5963406370002259,
      0.4254843517138599,
      0.12778947368421054,
      0.8860759493670886
    ],
    [
      0.6237858594985317,
      0.4225037257824143,
      0.12147368421052632,
      0.879746835443038
    ],
    [
      0.610232663203072,
      0.4225037257824143,
      0.13073684210526315,
      0.8765822784810127
    ],
    [
      0.6193810707025074,
      0.4210134128166915,
      0.13010526315789472,
      0.8734177215189873
    ],
    [
      0.6228823130788345,
      0.4254843517138599,
      0.11852631578947369,
      0.879746835443038
    ],
    [
      0.6140727354867856,
      0.43219076005961254,
      0.12547368421052632,
      0.879746835443038
    ],
    [
      0.6246894059182291,
      0.4269746646795827,
      0.11557894736842106,
      0.879746835443038
    ]
  ],