{
  "config": {},
  "train_loss": [
    1.3875262254760379,
    1.3826598515586248,
    1.3777069704873222,
    1.3709100730835446,
    1.3610824403308688,
    1.3486600073557051,
    1.3333252006106906,
    1.3160241776042514,
    1.2952428602036976,
    1.2736424519902183,
    1.25520767579003,
    1.2471866900958712,
    1.2400391660039387,
    1.2309263689177377,
    1.2289977092591544,
    1.2256463406577942,
    1.220677463781266
  ],
  "train_acc": [
    0.07631110972451877,
    0.08429788163354444,
    0.1391445418525567,
    0.2598820703210308,
    0.28399837768695596,
    0.29067481982965715,
    0.2962905188281908,
    0.30090787133809627,
    0.3080522883973419,
    0.3122640626462422,
    0.3197828596387234,
    0.31856612485570773,
    0.31713100177830467,
    0.3102361713412161,
    0.3197516613109537,
    0.3193148847221789,
    0.32686488004242975
  ],
  "val_loss": [
    1.3855567361627306,
    1.3811997090067183,
    1.3758271038532257,
    1.367926938193185,
    1.3566563044275557,
    1.3431093990802765,
    1.3256728138242448,
    1.310195505619049,
    1.29213485121727,
    1.2843982407024928,
    1.280531849179949,
    1.278921636087554,
    1.27687107026577,
    1.276485487818718,
    1.275153568812779,
    1.2776567488908768,
    1.2732211159808295
  ],
  "val_acc": [
    0.0876967095851216,
    0.08698140200286122,
    0.13791130185979972,
    0.23876967095851215,
    0.26824034334763946,
    0.267381974248927,
    0.27854077253218884,
    0.25336194563662373,
    0.24721030042918454,
    0.22675250357653792,
    0.20858369098712445,
    0.19642346208869815,
    0.1849785407725322,
    0.18526466380543632,
    0.18369098712446352,
    0.1748211731044349,
    0.17854077253218884
  ],
  "val_f1": [
    0.01690295972079853,
    0.024470390363477174,
    0.13624050089390383,
    0.26511135278492287,
    0.2945343687207419,
    0.29478330338157344,
    0.3093444346118893,
    0.2932785355661867,
    0.29182327091395815,
    0.27390725274777955,
    0.2519183308981195,
    0.23403249229764655,
    0.21871669370167923,
    0.21836331906314826,
    0.215641434008103,
    0.20558086013237664,
    0.20795955480652295
  ],
  "val_auroc": [
    0.5248952480452729,
    0.5322258783901478,
    0.5345063015378632,
    0.5343682283683251,
    0.5332466494944913,
    0.5327504267353511,
    0.5327489089403942,
    0.5330307361377551,
    0.5343270619516908,
    0.5336103221513143,
    0.5343881490561175,
    0.534807303536974,
    0.5348707763942779,
    0.5349338881171216,
    0.5350849438007337,
    0.5352098514231042,
    0.5353904361109931
  ],
  "val_sensitivity": [
    [
      0.0,
      0.9240506329113924,
      0.0,
      0.16666666666666666
    ],
    [
      0.005876591576885406,
      0.7943037974683544,
      0.0,
      0.47126436781609193
    ],
    [
      0.12071498530852105,
      0.569620253164557,
      0.0009523809523809524,
      0.6264367816091954
    ],
    [
      0.31537708129285014,
      0.40822784810126583,
      0.005238095238095238,
      0.6436781609195402
    ],
    [
      0.37585700293829577,
      0.3259493670886076,
      0.005714285714285714,
      0.7011494252873564
    ],
    [
      0.373898139079334,
      0.28639240506329117,
      0.008571428571428572,
      0.8218390804597702
    ],
    [
      0.39471106758080315,
      0.23734177215189872,
      0.016666666666666666,
      0.8620689655172413
    ],
    [
      0.3401077375122429,
      0.2468354430379747,
      0.03190476190476191,
      0.9137931034482759
    ],
    [
      0.31953966699314396,
      0.24050632911392406,
      0.05095238095238095,
      0.9425287356321839
    ],
    [
      0.279382957884427,
      0.24525316455696203,
      0.05714285714285714,
      0.9712643678160919
    ],
    [
      0.23898139079333985,
      0.31329113924050633,
      0.05523809523809524,
      0.9655172413793104
    ],
    [
      0.22551420176297748,
      0.3322784810126582,
      0.035238095238095235,
      0.9655172413793104
    ],
    [
      0.20102840352595494,
      0.36075949367088606,
      0.03666666666666667,
      0.9597701149425287
    ],
    [
      0.2034769833496572,
      0.3623417721518987,
      0.032857142857142856,
      0.9540229885057471
    ],
    [
      0.2007835455435847,
      0.3686708860759494,
      0.030952380952380953,
      0.9540229885057471
    ],
    [
      0.1831537708129285,
      0.3670886075949367,
      0.03571428571428571,
      0.9597701149425287
    ],
    [
      0.18535749265426052,
      0.3924050632911392,
      0.03619047619047619,
      0.9597701149425287
    ]
  ],
  "val_specificity": [
    [
      1.0,
      0.08776344762503932,
      1.0,
      0.9153462441314554
    ],
    [
      0.9955264969029594,
      0.2592010066058509,
      1.0,
      0.7566021126760564
    ],
    [
      0.8984858912594632,
      0.49496697074551743,
      0.9997955010224949,
      0.6304284037558685
    ],
    [
      0.7260839642119752,
      0.6807172066687638,
      0.996319018404908,
      0.6365903755868545
    ],
    [
      0.6744666207845836,
      0.7626612142183077,
      0.9940695296523517,
      0.6139964788732394
    ],
    [
      0.673778389538885,
      0.795061340044039,
      0.9914110429447853,
      0.585093896713615
    ],
    [
      0.6682725395732966,
      0.8323372129600504,
      0.9862985685071575,
      0.5677816901408451
    ],
    [
      0.7205781142463867,
      0.8323372129600504,
      0.9750511247443763,
      0.5277288732394366
    ],
    [
      0.7388162422573985,
      0.8346964454230891,
      0.9556237218813906,
      0.525381455399061
    ],
    [
      0.7794218857536133,
      0.835797420572507,
      0.947239263803681,
      0.4920774647887324
    ],
    [
      0.8207157604955265,
      0.8015099087763448,
      0.949079754601227,
      0.4865023474178404
    ],
    [
      0.8289745354439092,
      0.7895564642969487,
      0.9631901840490797,
      0.471537558685446
    ],
    [
      0.8451479697178252,
      0.7736709657124882,
      0.9607361963190184,
      0.4694835680751174
    ],
    [
      0.8427391603578802,
      0.7683233721296006,
      0.9662576687116564,
      0.47183098591549294
    ],
    [
      0.8448038540949759,
      0.7642340358603334,
      0.9668711656441717,
      0.4727112676056338
    ],
    [
      0.8602890571231934,
      0.7592010066058509,
      0.9625766871165644,
      0.4647887323943662
    ],
    [
      0.8575361321403991,
      0.7491349480968859,
      0.9629856850715747,
      0.4788732394366197
    ]
  ],
  "learning_rate": [
    3.84e-05,
    3.84e-05,
    3.84e-05,
    3.84e-05,
    3.84e-05,
    3.84e-05,
    3.84e-05,
    3.84e-05,
    3.84e-05,
    3.84e-05,
    1.92e-05,
    1.92e-05,
    1.92e-05,
    9.6e-06,
    9.6e-06,
    9.6e-06,
    4.8e-06
  ],
  "learning_rate_dict": [
    {
      "cnn": 3.84e-05,
      "lstm": 1.61e-06,
      "fc": 3.84e-05
    },
    {
      "cnn": 3.84e-05,
      "lstm": 1.61e-06,
      "fc": 3.84e-05
    },
    {
      "cnn": 3.84e-05,
      "lstm": 1.61e-06,
      "fc": 3.84e-05
    },
    {
      "cnn": 3.84e-05,
      "lstm": 1.61e-06,
      "fc": 3.84e-05
    },
    {
      "cnn": 3.84e-05,
      "lstm": 1.61e-06,
      "fc": 3.84e-05
    },
    {
      "cnn": 3.84e-05,
      "lstm": 1.61e-06,
      "fc": 3.84e-05
    },
    {
      "cnn": 3.84e-05,
      "lstm": 1.61e-06,
      "fc": 3.84e-05
    },
    {
      "cnn": 3.84e-05,
      "lstm": 1.61e-06,
      "fc": 3.84e-05
    },
    {
      "cnn": 3.84e-05,
      "lstm": 1.61e-06,
      "fc": 3.84e-05
    },
    {
      "cnn": 3.84e-05,
      "lstm": 1.61e-06,
      "fc": 3.84e-05
    },
    {
      "cnn": 1.92e-05,
      "lstm": 8.05e-07,
      "fc": 1.92e-05
    },
    {
      "cnn": 1.92e-05,
      "lstm": 8.05e-07,
      "fc": 1.92e-05
    },
    {
      "cnn": 1.92e-05,
      "lstm": 8.05e-07,
      "fc": 1.92e-05
    },
    {
      "cnn": 9.6e-06,
      "lstm": 4.025e-07,
      "fc": 9.6e-06
    },
    {
      "cnn": 9.6e-06,