{
  "config": {},
  "train_loss": [
    1.3864830865276803,
    1.3861236829551862,
    1.3856668150682243,
    1.3855332689319584,
    1.3853403278391996,
    1.3847287867566664,
    1.3839410522001252,
    1.3833913151308788,
    1.3827518078920653,
    1.3820485511272074,
    1.3820862375575005,
    1.3807543391804042,
    1.3810662678677401,
    1.380400467690804,
    1.3800827140430751
  ],
  "train_acc": [
    0.3900271399040963,
    0.38323513281678456,
    0.3611575942514027,
    0.3468985980059905,
    0.34359399828442055,
    0.33282240940475016,
    0.320419613854007,
    0.2936593871725282,
    0.284139327549112,
    0.2833096620871008,
    0.2676585153206868,
    0.2711177984334791,
    0.26812256549435404,
    0.26715227876759523,
    0.26484609002573367
  ],
  "val_loss": [
    1.38035036722819,
    1.380607283115387,
    1.3810717423756917,
    1.3811481634775797,
    1.3811643520991008,
    1.3803967833518982,
    1.3801888545354208,
    1.3798716942469278,
    1.379244981209437,
    1.3786821067333221,
    1.3781285067399343,
    1.3777417639891307,
    1.377431066830953,
    1.3771478950977325,
    1.3769215643405914
  ],
  "val_acc": [
    0.34739876818241383,
    0.36450006552221204,
    0.38998820600183465,
    0.42347005634910234,
    0.42248722316865417,
    0.39234700563491026,
    0.3711833311492596,
    0.36391036561394313,
    0.34608832394181627,
    0.33979819158694796,
    0.3354082033809461,
    0.33743939195387235,
    0.33593238107718515,
    0.32571091600052415,
    0.3258419604245839
  ],
  "val_f1": [
    0.26546616014817404,
    0.3073169000951898,
    0.35349330588076433,
    0.4062484884043542,
    0.4115326442215629,
    0.37610857616811394,
    0.3540551329433815,
    0.3572743590426965,
    0.3275598551866325,
    0.32333738017358515,
    0.32384733102372343,
    0.33056202559302983,
    0.3333495965607756,
    0.32286215311326105,
    0.3249091459781759
  ],
  "val_auroc": [
    0.5113070698412003,
    0.5118983090366496,
    0.5118535915770492,
    0.5111786384846846,
    0.5106732980088894,
    0.5108498504000429,
    0.5106109969476534,
    0.5110442418558784,
    0.5113658725099592,
    0.5116959475435526,
    0.5119317907292112,
    0.5121222741659118,
    0.5121575889670071,
    0.5123037255403972,
    0.5124227168257575
  ],
  "val_sensitivity": [
    [
      0.1283035915970183,
      0.0,
      0.8770526315789474,
      0.0
    ],
    [
      0.1904224079512085,
      0.0,
      0.8162105263157895,
      0.0
    ],
    [
      0.26959566297718546,
      0.0,
      0.7505263157894737,
      0.0
    ],
    [
      0.3957533318274226,
      0.005216095380029807,
      0.6214736842105263,
      0.0
    ],
    [
      0.40682177546871473,
      0.02533532041728763,
      0.5917894736842105,
      0.0031645569620253164
    ],
    [
      0.31827422633837815,
      0.020864381520119227,
      0.66,
      0.022151898734177215
    ],
    [
      0.2709509826067314,
      0.027570789865871834,
      0.6762105263157895,
      0.05379746835443038
    ],
    [
      0.2785181838716964,
      0.038748137108792845,
      0.6322105263157894,
      0.10443037974683544
    ],
    [
      0.21990060989383328,
      0.043964232488822655,
      0.6821052631578948,
      0.11392405063291139
    ],
    [
      0.21470521798057376,
      0.045454545454545456,
      0.6686315789473685,
      0.1518987341772152
    ],
    [
      0.21854529026428732,
      0.046199701937406856,
      0.644,
      0.19936708860759494
    ],
    [
      0.23074316693020103,
      0.044709388971684055,
      0.6273684210526316,
      0.2120253164556962
    ],
    [
      0.23876214140501467,
      0.044709388971684055,
      0.6075789473684211,
      0.2120253164556962
    ],
    [
      0.22057826970860628,
      0.045454545454545456,
      0.6075789473684211,
      0.22468354430379747
    ],
    [
      0.2248701152021685,
      0.04843517138599106,
      0.5985263157894737,
      0.23417721518987342
    ]
  ],
  "val_specificity": [
    [
      0.8681335830212235,
      1.0,
      0.1328957382039574,
      1.0
    ],
    [
      0.8068039950062422,
      1.0,
      0.1951103500761035,
      1.0
    ],
    [
      0.737203495630462,
      0.9999281609195402,
      0.2746385083713851,
      1.0
    ],
    [
      0.6114232209737828,
      0.9969109195402299,
      0.4039193302891933,
      1.0
    ],
    [
      0.600187265917603,
      0.9830459770114942,
      0.4332191780821918,
      0.9961193630402784
    ],
    [
      0.6852372034956304,
      0.9781609195402299,
      0.3628234398782344,
      0.9829385788839823
    ],
    [
      0.7323657927590512,
      0.975646551724138,
      0.3478881278538813,
      0.9539676167536465
    ],
    [
      0.7273720349563046,
      0.9761494252873564,
      0.3919330289193303,
      0.9172353807038672
    ],
    [
      0.7846441947565543,
      0.9740660919540229,
      0.3423706240487062,
      0.9112806101967081
    ],
    [
      0.7888576779026217,
      0.9714080459770115,
      0.3521689497716895,
      0.8986350863107185
    ],
    [
      0.7838639200998752,
      0.9689655172413794,
      0.3732876712328767,
      0.8837147062759266
    ],
    [
      0.7755930087390761,
      0.96875,
      0.3925038051750381,
      0.8760203398902716
    ],
    [
      0.7642009987515606,
      0.96875,
      0.4106735159817352,
      0.8665863776261207
    ],
    [
      0.7827715355805244,
      0.9688218390804598,
      0.4136225266362253,
      0.8460457647531112
    ],
    [
      0.7773096129837703,
      0.9684626436781609,
      0.4208523592085236,
      0.8437709086043088
    ]
  ],
  "learning_rate": [
    2.73e-05,
    2.73e-05,
    2.73e-05,
    2.73e-05,
    2.73e-05,
    2.73e-05,
    2.73e-05,
    2.73e-05,
    1.365e-05,
    1.365e-05,
    1.365e-05,
    6.825e-06,
    6.825e-06,
    6.825e-06,
    3.4125e-06
  ],
  "learning_rate_dict": [
    {
      "cnn": 2.73e-05,
      "lstm": 4.08e-06,
      "fc": 2.73e-05
    },
    {
      "cnn": 2.73e-05,
      "lstm": 4.08e-06,
      "fc": 2.73e-05
    },
    {
      "cnn": 2.73e-05,
      "lstm": 4.08e-06,
      "fc": 2.73e-05
    },
    {
      "cnn": 2.73e-05,
      "lstm": 4.08e-06,
      "fc": 2.73e-05
    },
    {
      "cnn": 2.73e-05,
      "lstm": 4.08e-06,
      "fc": 2.73e-05
    },
    {
      "cnn": 2.73e-05,
      "lstm": 4.08e-06,
      "fc": 2.73e-05
    },
    {
      "cnn": 2.73e-05,
      "lstm": 4.08e-06,
      "fc": 2.73e-05
    },
    {
      "cnn": 2.73e-05,
      "lstm": 4.08e-06,
      "fc": 2.73e-05
    },
    {
      "cnn": 1.365e-05,
      "lstm": 2.04e-06,
      "fc": 1.365e-05
    },
    {
      "cnn": 1.365e-05,
      "lstm": 2.04e-06,
      "fc": 1.365e-05
    },
    {
      "cnn": 1.365e-05,
      "lstm": 2.04e-06,
      "fc": 1.365e-05
    },
    {
      "cnn": 6.825e-06,
      "lstm": 1.02e-06,
      "fc": 6.825e-06
    },
    {
      "cnn": 6.825e-06,
      "lstm": 1.02e-06,
      "fc": 6.825e-06
    },
    {
      "cnn": 6.825e-06,
      "lstm": 1.02e-06,
      "fc": 6.825e-06
    },
    {
      "cnn": 3.4125e-06,
      "lstm": 5.1e-07,
      "fc": 3.4125e-06
    }
  ],
  "epochs_completed": 15,
  "best_epoch": 5,
  "best_val_f1": 0.4115326442215629,
  "stopped_early": true,
  "start_time": "2025-12-11T11:24:07.206995",
  "end_time": "2025-12-11T11:28:22.003857"
}