{
  "config": {},
  "train_loss": [
    1.3874310092102708,
    1.3851783170545702,
    1.383088871943865,
    1.3776045113587552,
    1.3600031242524977,
    1.331997467888345,
    1.2912733649178374
  ],
  "train_acc": [
    0.17863119260894633,
    0.34127374741608424,
    0.33667543205883593,
    0.33988159689508246,
    0.31545568320841477,
    0.29845457230042327,
    0.26343987737825714
  ],
  "val_loss": [
    1.3849339673916499,
    1.3798342148462932,
    1.3754944811264673,
    1.3673247595628102,
    1.363465506831805,
    1.3889959827065468,
    1.4501883164048195
  ],
  "val_acc": [
    0.3083475298126065,
    0.2987812868562443,
    0.36869348709212424,
    0.3110339405058315,
    0.22506879832263138,
    0.13045472415148734,
    0.0853754422749312
  ],
  "val_f1": [
    0.14814701920727402,
    0.1530769689439636,
    0.3978983296783774,
    0.35987584087272795,
    0.27545772555562276,
    0.15419258313358994,
    0.09511340863720491
  ],
  "val_auroc": [
    0.5081480325818796,
    0.5097071265901734,
    0.5106003243228316,
    0.515639883031011,
    0.518174766548092,
    0.5189089586658684,
    0.5186960927301428
  ],
  "val_sensitivity": [
    [
      0.0,
      0.0,
      0.9890526315789474,
      0.02531645569620253
    ],
    [
      0.0,
      0.04918032786885246,
      0.9421052631578948,
      0.060126582278481014
    ],
    [
      0.4209396882764852,
      0.10357675111773472,
      0.3528421052631579,
      0.2689873417721519
    ],
    [
      0.3626609442060086,
      0.09463487332339791,
      0.2597894736842105,
      0.5537974683544303
    ],
    [
      0.20149085159250057,
      0.030551415797317436,
      0.28357894736842104,
      0.8322784810126582
    ],
    [
      0.05906934718771177,
      0.13189269746646795,
      0.20905263157894738,
      0.9430379746835443
    ],
    [
      0.02326632030720578,
      0.14381520119225039,
      0.12421052631578948,
      0.9936708860759493
    ]
  ],
  "val_specificity": [
    [
      1.0,
      1.0,
      0.012557077625570776,
      0.9882242740532584
    ],
    [
      1.0,
      0.9638649425287357,
      0.06012176560121765,
      0.9786564967215309
    ],
    [
      0.575374531835206,
      0.9349137931034482,
      0.6551560121765602,
      0.8405593469824703
    ],
    [
      0.6479400749063671,
      0.9249281609195402,
      0.7520928462709284,
      0.6916900843034925
    ],
    [
      0.8200686641697877,
      0.9729885057471265,
      0.7356354642313546,
      0.496922253445738
    ],
    [
      0.947565543071161,
      0.894971264367816,
      0.811834094368341,
      0.36471296668004816
    ],
    [
      0.9797128589263421,
      0.8888649425287356,
      0.8949771689497716,
      0.2521075873143316
    ]
  ],
  "learning_rate": [
    8.77e-05,
    8.77e-05,
    8.77e-05,
    8.77e-05,
    8.77e-05,
    8.77e-05,
    4.385e-05
  ],
  "learning_rate_dict": [
    {
      "cnn": 8.77e-05,
      "lstm": 7.22e-06,
      "fc": 8.77e-05
    },
    {
      "cnn": 8.77e-05,
      "lstm": 7.22e-06,
      "fc": 8.77e-05
    },
    {
      "cnn": 8.77e-05,
      "lstm": 7.22e-06,
      "fc": 8.77e-05
    },
    {
      "cnn": 8.77e-05,
      "lstm": 7.22e-06,
      "fc": 8.77e-05
    },
    {
      "cnn": 8.77e-05,
      "lstm": 7.22e-06,
      "fc": 8.77e-05
    },
    {
      "cnn": 8.77e-05,
      "lstm": 7.22e-06,
      "fc": 8.77e-05
    },
    {
      "cnn": 4.385e-05,
      "lstm": 3.61e-06,
      "fc": 4.385e-05
    }
  ],
  "epochs_completed": 7,
  "best_epoch": 3,
  "best_val_f1": 0.3978983296783774,
  "stopped_early": false,
  "start_time": "2025-12-11T11:30:56.648517",
  "end_time": null
}