{
  "config": {},
  "train_loss": [
    1.3872234667086536,
    1.385662812428333,
    1.3815600052676753,
    1.282109879258508,
    1.178079917263792,
    1.1369184766496931,
    1.1215729662028926,
    1.1054631850790142,
    1.0844189887740863,
    1.0711355170792325,
    1.0703781335501659,
    1.0501121184575268,
    1.0479761434372545,
    1.038038285273426,
    1.0340454976835018,
    1.0161930629506586,
    1.0136196414094087,
    1.0125960770321663,
    1.0073277622541648,
    1.0030260910242395,
    1.0064418891048175,
    0.9995456794201525
  ],
  "train_acc": [
    0.33524109515840983,
    0.34234246902816645,
    0.2968655520087748,
    0.2559728882201566,
    0.28636114353212494,
    0.2637070577812777,
    0.28115815673646166,
    0.2833940348459494,
    0.3227539268488181,
    0.3805914530395286,
    0.39265675755487744,
    0.4304838777719967,
    0.43006201397775373,
    0.453855131973057,
    0.45495197783808866,
    0.47361241967010254,
    0.4848761829763897,
    0.4777466848536836,
    0.4932712724818247,
    0.48669019729163443,
    0.4959712007649797,
    0.4960555735238283
  ],
  "val_loss": [
    1.380586038529873,
    1.379918174445629,
    1.3746195882558823,
    1.2756094470620156,
    1.1943782977759838,
    1.175522643327713,
    1.17497843131423,
    1.165788248181343,
    1.163132230937481,
    1.136605764180422,
    1.139359326660633,
    1.124980690330267,
    1.1694952107965946,
    1.128246369212866,
    1.116736786812544,
    1.1054807275533676,
    1.113704225420952,
    1.1256417460739612,
    1.1163129113614558,
    1.098123599588871,
    1.1162797935307025,
    1.1071089886128902
  ],
  "val_acc": [
    0.31123050714192113,
    0.3029091862141266,
    0.23974577381732406,
    0.26909972480670946,
    0.15751539771982703,
    0.1785480277814179,
    0.20567422356178744,
    0.19099724806709475,
    0.28770803302319486,
    0.4654697942602542,
    0.4038133927401389,
    0.5067487878390774,
    0.39614729393264314,
    0.4578036954527585,
    0.44201284235355787,
    0.49266151225265364,
    0.4436508976543048,
    0.4530205739745774,
    0.44712357489188836,
    0.47798453675796093,
    0.46769754946927006,
    0.454855195911414
  ],
  "val_f1": [
    0.1477458433863807,
    0.1487395210397153,
    0.1480084196915584,
    0.16129493868628197,
    0.10852510185287699,
    0.16317429195044358,
    0.17783827498524818,
    0.13275335133196417,
    0.31898973173705,
    0.4250962500978454,
    0.41144598898578044,
    0.45444564366417906,
    0.3859308501843853,
    0.4196275038917014,
    0.418449933002969,
    0.44611613211126133,
    0.43493862983252424,
    0.43349978593729366,
    0.4292381548231883,
    0.43885127896046455,
    0.43548987177113935,
    0.4338161936334681
  ],
  "val_auroc": [
    0.5057196996177384,
    0.5111942920917502,
    0.5122478699140075,
    0.5166283181898158,
    0.526505015428384,
    0.5336524676832137,
    0.5340224324812345,
    0.5378415966376267,
    0.5442697824576656,
    0.5525364787354433,
    0.563294353974465,
    0.5654084137112521,
    0.5709409623702107,
    0.5689316137376772,
    0.5713062240145153,
    0.5746581710429911,
    0.5771928882774019,
    0.5832867183380118,
    0.5770106535082671,
    0.5822118248830034,
    0.5829407193055435,
    0.5833437295222746
  ],
  "val_sensitivity": [
    [
      0.0,
      0.0,
      1.0,
      0.0
    ],
    [
      0.0,
      0.010432190760059613,
      0.9682105263157895,
      0.03164556962025317
    ],
    [
      0.00033882990738649197,
      0.07600596125186289,
      0.7250526315789474,
      0.34810126582278483
    ],
    [
      0.0029365258640162636,
      0.21833084947839046,
      0.7608421052631579,
      0.5506329113924051
    ],
    [
      0.002484752654167608,
      0.7622950819672131,
      0.23136842105263158,
      0.8227848101265823
    ],
    [
      0.06290941947142535,
      0.698956780923994,
      0.20126315789473684,
      0.8670886075949367
    ],
    [
      0.04890444996611701,
      0.5737704918032787,
      0.34757894736842104,
      0.9018987341772152
    ],
    [
      0.003049469166478428,
      0.6058122205663189,
      0.3778947368421053,
      0.8860759493670886
    ],
    [
      0.29783148859272646,
      0.5312965722801788,
      0.15978947368421054,
      0.8924050632911392
    ],
    [
      0.7062344702959115,
      0.30327868852459017,
      0.035789473684210524,
      0.8670886075949367
    ],
    [
      0.5413372487011521,
      0.45603576751117736,
      0.10189473684210526,
      0.8670886075949367
    ],
    [
      0.768579173255026,
      0.3390461997019374,
      0.043789473684210524,
      0.8417721518987342
    ],
    [
      0.5529704088547549,
      0.555886736214605,
      0.02673684210526316,
      0.8765822784810127
    ],
    [
      0.6747232889089677,
      0.46497764530551416,
      0.024842105263157895,
      0.8575949367088608
    ],
    [
      0.6313530607634967,
      0.5014903129657228,
      0.04336842105263158,
      0.8765822784810127
    ],
    [
      0.7342444093065281,
      0.43591654247391953,
      0.03263157894736842,
      0.879746835443038
    ],
    [
      0.6089902868759882,
      0.5029806259314457,
      0.08989473684210526,
      0.8765822784810127
    ],
    [
      0.6363225660718319,
      0.5432190760059612,
      0.056842105263157895,
      0.8892405063291139
    ],
    [
      0.6324824937881184,
      0.4918032786885246,
      0.05936842105263158,
      0.8924050632911392
    ],
    [
      0.7042014908515924,
      0.4582712369597616,
      0.03452631578947368,
      0.8892405063291139
    ],
    [
      0.6836458098034787,
      0.45901639344262296,
      0.037894736842105266,
      0.9145569620253164
    ],
    [
      0.6472780664106619,
      0.496274217585693,
      0.05410526315789474,
      0.9113924050632911
    ]
  ],