{
  "config": {},
  "train_loss": [
    1.4057477090576453
  ],
  "train_acc": [
    0.37960710418629506
  ],
  "val_loss": [
    1.2345333699160401
  ],
  "val_acc": [
    0.40846546979426024
  ],
  "val_f1": [
    0.3956202701377843
  ],
  "val_auroc": [
    0.5210690343851598
  ],
  "val_sensitivity": [
    [
      0.36311271741585727,
      0.020119225037257823,
      0.6258947368421053,
      0.060126582278481014
    ]
  ],
  "val_specificity": [
    [
      0.6496566791510612,
      0.9855603448275863,
      0.3815639269406393,
      0.9945804897631473
    ]
  ],
  "learning_rate": [
    0.000742
  ],
  "learning_rate_dict": [
    {
      "cnn": 0.000742,
      "lstm": 6.11e-06,
      "layer_norm": 0.000742,
      "fc": 0.000742
    }
  ],
  "epochs_completed": 1,
  "best_epoch": 1,
  "best_val_f1": 0.3956202701377843,
  "stopped_early": false,
  "start_time": "2025-12-10T22:01:06.799512",
  "end_time": null
}