{
  "config": {},
  "train_loss": [
    1.4053430478729887,
    1.3902126186622117,
    1.3880460255160303,
    1.385797451356214,
    1.384014430874122,
    1.3846528758545835,
    1.383816555588545,
    1.382953150543624,
    1.3822671646129585,
    1.3818072301898887,
    1.380032867014765,
    1.3763667766205565,
    1.3765160566318535,
    1.3766498744130848,
    1.3737420193449466,
    1.3748198819017696,
    1.373120602733361,
    1.3753022069702605
  ],
  "train_acc": [
    0.32524256699840887,
    0.3299847128193929,
    0.33984338439459644,
    0.355036970018407,
    0.36951299410351607,
    0.3337597104795183,
    0.3637413034661342,
    0.326584095092503,
    0.32867438305306834,
    0.3028733659875831,
    0.27825788537734375,
    0.2814713131376158,
    0.28655664056406577,
    0.29482419742301813,
    0.2821576763485477,
    0.28633825226967835,
    0.28446635260350045,
    0.2832496178204848
  ],
  "val_loss": [
    1.3861735350376851,
    1.385575230057175,
    1.3849284294489268,
    1.3846482972841005,
    1.383600115776062,
    1.382271856875033,
    1.3829576163678556,
    1.3819211012608297,
    1.379723758310885,
    1.3789790707665521,
    1.3771030355144191,
    1.376725183950888,
    1.3749052028398256,
    1.373857169537931,
    1.372817039489746,
    1.3724001001667332,
    1.3718963990340363,
    1.3717268802024223
  ],
  "val_acc": [
    0.34234620886981404,
    0.39413447782546496,
    0.3977110157367668,
    0.3834048640915594,
    0.2947067238912732,
    0.37882689556509297,
    0.321173104434907,
    0.3698140200286123,
    0.30815450643776826,
    0.25464949928469244,
    0.23891273247496422,
    0.25278969957081543,
    0.2844062947067239,
    0.2723891273247496,
    0.29699570815450643,
    0.2957081545064378,
    0.2899856938483548,
    0.2861230329041488
  ],
  "val_f1": [
    0.3274985013231836,
    0.3698633767782429,
    0.3796362653820375,
    0.3646705561512727,
    0.18035684439555627,
    0.3781366993779955,
    0.2936041813729202,
    0.38859299288679816,
    0.3320079539043924,
    0.2797934812673508,
    0.24315741452928571,
    0.29283999405827427,
    0.33693763438921254,
    0.322662192665878,
    0.35086980601531775,
    0.35028095295018563,
    0.34533232483028786,
    0.34235157481046286
  ],
  "val_auroc": [
    0.5213176249795803,
    0.5152032991750078,
    0.5136835401928562,
    0.5145726501742305,
    0.5157628371254739,
    0.5148570639611684,
    0.5156836474427816,
    0.5169628032816649,
    0.5164708220849425,
    0.5144187473470229,
    0.5144718692966638,
    0.5136739159612268,
    0.515069978214182,
    0.5153129418880605,
    0.5153337664863683,
    0.5155311537101898,
    0.515353236904831,
    0.5151857952182572
  ],
  "val_sensitivity": [
    [
      0.22526934378060726,
      0.14873417721518986,
      0.6566666666666666,
      0.0
    ],
    [
      0.32027424094025464,
      0.0031645569620253164,
      0.6880952380952381,
      0.0
    ],
    [
      0.3582272282076396,
      0.0031645569620253164,
      0.6261904761904762,
      0.0
    ],
    [
      0.30435847208619,
      0.03164556962025317,
      0.6747619047619048,
      0.0
    ],
    [
      0.034280117531831536,
      0.03322784810126582,
      0.8985714285714286,
      0.06896551724137931
    ],
    [
      0.3371694417238002,
      0.07120253164556962,
      0.5780952380952381,
      0.06896551724137931
    ],
    [
      0.17678746327130265,
      0.0680379746835443,
      0.6961904761904761,
      0.10344827586206896
    ],
    [
      0.37095984329089127,
      0.06329113924050633,
      0.47523809523809524,
      0.1839080459770115
    ],
    [
      0.257590597453477,
      0.10443037974683544,
      0.4685714285714286,
      0.2988505747126437
    ],
    [
      0.18560235063663075,
      0.09968354430379747,
      0.42428571428571427,
      0.39080459770114945
    ],
    [
      0.12414299706170422,
      0.12025316455696203,
      0.4847619047619048,
      0.39655172413793105
    ],
    [
      0.21669931439764936,
      0.09335443037974683,
      0.35285714285714287,
      0.47126436781609193
    ],
    [
      0.30264446620959845,
      0.08069620253164557,
      0.29285714285714287,
      0.4942528735632184
    ],
    [
      0.27179236043095006,
      0.07911392405063292,
      0.310952380952381,
      0.5229885057471264
    ],
    [
      0.3430460333006856,
      0.0759493670886076,
      0.2561904761904762,
      0.5114942528735632
    ],
    [
      0.34892262487757103,
      0.0759493670886076,
      0.23761904761904762,
      0.5459770114942529
    ],
    [
      0.3401077375122429,
      0.0759493670886076,
      0.23333333333333334,
      0.5747126436781609
    ],
    [
      0.33374142997061707,
      0.0759493670886076,
      0.23238095238095238,
      0.5804597701149425
    ]
  ],
  "val_specificity": [
    [
      0.7918100481761872,
      0.8675684177414281,
      0.3558282208588957,
      1.0
    ],
    [
      0.6858224363386097,
      0.9960679458949355,
      0.3257668711656442,
      1.0
    ],
    [
      0.6207845836200964,
      0.9927650204466814,
      0.37382413087934563,
      1.0
    ],
    [
      0.6988988300068824,
      0.9691726958162944,
      0.33967280163599184,
      0.9985328638497653
    ],
    [
      0.9655884377150723,
      0.9658697703680402,
      0.12269938650306748,
      0.9526115023474179
    ],
    [
      0.6520991052993806,
      0.9410191884240328,
      0.4372188139059305,
      0.9700704225352113
    ],
    [
      0.8083275980729525,
      0.9337842088707141,
      0.3229038854805726,
      0.9330985915492958
    ],
    [
      0.6345492085340675,
      0.9413337527524379,
      0.5611451942740286,
      0.8791079812206573
    ],
    [
      0.744322092222987,
      0.9081472161056936,
      0.5503067484662577,
      0.8078051643192489
    ],
    [
      0.8079834824501032,
      0.9103491664045297,
      0.5713701431492842,
      0.7086267605633803
    ],
    [
      0.8778389538885065,
      0.897137464611513,
      0.5179959100204499,
      0.7133215962441315
    ],
    [
      0.7852718513420509,
      0.9155394778232149,
      0.6488752556237218,
      0.655956572769953
    ],
    [
      0.725739848589126,
      0.9232463038691412,
      0.7278118609406953,
      0.6499413145539906
    ],
    [
      0.7584308327598073,
      0.9278074866310161,
      0.7010224948875255,
      0.6386443661971831
    ],
    [
      0.688575361321404,
      0.9290657439446367,
      0.7648261758691206,
      0.6467136150234741
    ],
    [
      0.6854783207157605,
      0.9309531299150676,
      0.7797546012269939,
      0.6342429577464789
    ],
    [
      0.6944253269098417,
      0.9331550802139037,
      0.7824130879345603,
      0.6205985915492958
    ],
    [
      0.7023399862353751,
      0.9351997483485373,
      0.7830265848670757,
      0.6109154929577465
    ]
  ],
  "learning_rate": [
    5.89e-05,
    5.89e-05,
    5.89e-05,
    5.89e-05,
    5.89e-05,
    5.89e-05,
    2.945e-05,
    2.945e-05,
    2.945e-05,
    2.945e-05,
    2.945e-05,
    1.4725e-05,
    1.4725e-05,
    1.4725e-05,
    7.3625e-06,
    7.3625e-06,
    7.3625e-06,
    3.68125e-06
  ],
  "learning_rate_dict": [
    {
      "cnn": 5.89e-05,
      "lstm": 4.34e-05,
      "layer_norm": 5.89e-05,
      "fc": 5.89e-05
    },
    {
      "cnn": 5.89e-05,
      "lstm": 4.34e-05,
      "layer_norm": 5.89e-05,
      "fc": 5.89e-05
    },
    {
      "cnn": 5.89e-05,
      "lstm": 4.34e-05,
      "layer_norm": 5.89e-05,
      "fc": 5.89e-05
    },
    {
      "cnn": 5.89e-05,
      "lstm": 4.34e-05,
      "layer_norm": 5.89e-05,
      "fc": 5.89e-05
    },
    {
      "cnn": 5.89e-05,
      "lstm": 4.34e-05,
      "layer_norm": 5.89e-05,
      "fc": 5.89e-05
    },
    {
      "cnn": 5.89e-05,
      "lstm": 4.34e-05,
      "layer_norm": 5.89e-05,
      "fc": 5.89e-05
    },
    {
      "cnn": 2.945e-05,
      "lstm": 2.17e-05,
      "layer_norm": 2.945e-05,