{
  "config": {},
  "train_loss": [
    1.3785196256916425,
    1.3722926579345416,
    1.4014038811167564,
    1.3403035071161058,
    1.2806392490622485,
    1.2206807102751636,
    1.2008460820579228,
    1.1785969480945888,
    1.1598032785732897,
    1.13922144687771,
    1.1435541466609134,
    1.1385438480572394
  ],
  "train_acc": [
    0.44806153586545355,
    0.41275153628731737,
    0.394962946296739,
    0.36162164442506994,
    0.34959852628914545,
    0.3802398998776595,
    0.3905615007101374,
    0.4463037700561079,
    0.4959993250179292,
    0.5246720008999761,
    0.5303390378693066,
    0.5359638884592128
  ],
  "val_loss": [
    1.3348211517373971,
    1.287503775560631,
    1.362744893292961,
    1.3778187291114836,
    1.4463995595616865,
    1.5101366774247378,
    1.449223726081898,
    1.5078604043592196,
    1.4668649905820064,
    1.428985515449282,
    1.5688420305774398,
    1.5713690219122909
  ],
  "val_acc": [
    0.5777093434674354,
    0.5107456427729,
    0.30061590879308087,
    0.3019918752457083,
    0.24701873935264054,
    0.21012973397981916,
    0.22159612108504784,
    0.2600576595465863,
    0.36659677630716814,
    0.3915607390905517,
    0.34910234569519066,
    0.3405189359192766
  ],
  "val_f1": [
    0.4262283049279692,
    0.4278694732429756,
    0.34859089285296435,
    0.32704628819904075,
    0.25484287016203966,
    0.2232109919810348,
    0.22738153477116926,
    0.27849958159427884,
    0.3754317717083613,
    0.39609169985821047,
    0.3662497518030474,
    0.35974253829420294
  ],
  "val_auroc": [
    0.507937352575685,
    0.5202807633029829,
    0.5195466413297515,
    0.5285514501568527,
    0.5360472017500065,
    0.5436918260188162,
    0.554865235581758,
    0.5605836092045637,
    0.5658804484020493,
    0.5704895365074781,
    0.569623859821554,
    0.5691222578981407
  ],
  "val_sensitivity": [
    [
      0.9949175513892026,
      0.005216095380029807,
      0.0002105263157894737,
      0.0
    ],
    [
      0.8412017167381974,
      0.08122205663189269,
      0.02526315789473684,
      0.37341772151898733
    ],
    [
      0.3618703410887734,
      0.05514157973174367,
      0.22336842105263158,
      0.7879746835443038
    ],
    [
      0.39191325954370904,
      0.4172876304023845,
      0.06168421052631579,
      0.9050632911392406
    ],
    [
      0.13587079286198328,
      0.4642324888226528,
      0.3467368421052632,
      0.939873417721519
    ],
    [
      0.13756494239891576,
      0.6289120715350224,
      0.17936842105263157,
      0.9272151898734177
    ],
    [
      0.21425344477072508,
      0.7518628912071535,
      0.04231578947368421,
      0.870253164556962
    ],
    [
      0.2723063022362774,
      0.6959761549925484,
      0.07242105263157894,
      0.8860759493670886
    ],
    [
      0.4723288908967698,
      0.5827123695976155,
      0.072,
      0.9145569620253164
    ],
    [
      0.5081319177772758,
      0.5909090909090909,
      0.08547368421052631,
      0.879746835443038
    ],
    [
      0.4193584820420149,
      0.6460506706408345,
      0.09852631578947368,
      0.8860759493670886
    ],
    [
      0.39914163090128757,
      0.650521609538003,
      0.10652631578947368,
      0.8987341772151899
    ]
  ],
  "val_specificity": [
    [
      0.005461922596754058,
      0.9951149425287357,
      0.9997146118721462,
      0.9999330924662116
    ],
    [
      0.18867041198501872,
      0.9400862068965518,
      0.9710806697108066,
      0.9243944868192159
    ],
    [
      0.6476279650436954,
      0.9527298850574712,
      0.7763508371385084,
      0.6382309648066372
    ],
    [
      0.6357677902621723,
      0.739367816091954,
      0.9377853881278538,
      0.7298942860966144
    ],
    [
      0.8710986267166042,
      0.7359913793103449,
      0.6726598173515982,
      0.7624782550515188
    ],
    [
      0.8746878901373284,
      0.573132183908046,
      0.8330479452054794,
      0.7621437173825772
    ],
    [
      0.7983770287141073,
      0.4514367816091954,
      0.9572869101978692,
      0.8325304429278737
    ],
    [
      0.7656054931335831,
      0.5414511494252874,
      0.9325532724505328,
      0.819416566305366
    ],
    [
      0.5976903870162297,
      0.7369971264367816,
      0.9431126331811264,
      0.8106516793790981
    ],
    [
      0.576310861423221,
      0.7479885057471264,
      0.9246575342465754,
      0.8480529907667603
    ],
    [
      0.6573033707865169,
      0.6719827586206897,
      0.91837899543379,
      0.8451759668138632
    ],
    [
      0.6705680399500624,
      0.659985632183908,
      0.9095319634703196,
      0.8481198983005487
    ]
  ],
  "learning_rate": [
    0.000128,
    0.000128,
    0.000128,
    0.000128,
    0.000128,
    6.4e-05,
    6.4e-05,
    6.4e-05,
    3.2e-05,
    3.2e-05,
    3.2e-05,
    1.6e-05
  ],
  "learning_rate_dict": [
    {
      "cnn": 0.000128,
      "lstm": 9.55e-06,
      "fc": 0.000128
    },
    {
      "cnn": 0.000128,
      "lstm": 9.55e-06,
      "fc": 0.000128
    },
    {
      "cnn": 0.000128,
      "lstm": 9.55e-06,
      "fc": 0.000128
    },
    {
      "cnn": 0.000128,
      "lstm": 9.55e-06,
      "fc": 0.000128
    },
    {
      "cnn": 0.000128,
      "lstm": 9.55e-06,
      "fc": 0.000128
    },
    {
      "cnn": 6.4e-05,
      "lstm": 4.775e-06,
      "fc": 6.4e-05
    },
    {
      "cnn": 6.4e-05,
      "lstm": 4.775e-06,
      "fc": 6.4e-05
    },
    {
      "cnn": 6.4e-05,
      "lstm": 4.775e-06,
      "fc": 6.4e-05
    },
    {
      "cnn": 3.2e-05,
      "lstm": 2.3875e-06,
      "fc": 3.2e-05
    },
    {
      "cnn": 3.2e-05,
      "lstm": 2.3875e-06,
      "fc": 3.2e-05
    },
    {
      "cnn": 3.2e-05,
      "lstm": 2.3875e-06,
      "fc": 3.2e-05
    },
    {
      "cnn": 1.6e-05,
      "lstm": 1.19375e-06,
      "fc": 1.6e-05
    }
  ],
  "epochs_completed": 12,
  "best_epoch": 2,
  "best_val_f1": 0.4278694732429756,
  "stopped_early": true,
  "start_time": "2025-12-11T02:01:14.514929",
  "end_time": "2025-12-11T02:21:30.843558"
}