{
  "config": {},
  "train_loss": [
    1.3921589457181345,
    1.3791738762798538,
    1.3652451456305514,
    1.3406706036799458,
    1.3237002285353217,
    1.3116821136132655,
    1.304083954290565,
    1.286050082677864,
    1.2879839335304808,
    1.2685276996566954,
    1.2753718255525566
  ],
  "train_acc": [
    0.25813496396593144,
    0.2928587027735313,
    0.2446572863694506,
    0.2694911552740773,
    0.3022182011044208,
    0.2945122141453218,
    0.2930146944123795,
    0.29045643153526973,
    0.2824072629707048,
    0.29781923688890277,
    0.2904252332075001
  ],
  "val_loss": [
    1.3746189290826971,
    1.3432994625785135,
    1.3179039651697333,
    1.300478003241799,
    1.2875204541466452,
    1.2601953094655818,
    1.2514841296456076,
    1.2423419995741412,
    1.238707522912459,
    1.2341133811257101,
    1.2417460376566107
  ],
  "val_acc": [
    0.4821173104434907,
    0.2525035765379113,
    0.23919885550786837,
    0.25622317596566524,
    0.26108726752503575,
    0.3078683834048641,
    0.3054363376251788,
    0.2921316165951359,
    0.3261802575107296,
    0.29227467811158797,
    0.24878397711015737
  ],
  "val_f1": [
    0.4087144779010224,
    0.2820450403175544,
    0.29144867678213193,
    0.28307007556987207,
    0.28836350877307576,
    0.32108101807106215,
    0.3295798235253282,
    0.33522351829437996,
    0.3413859558345442,
    0.33127547879696084,
    0.28039138792918405
  ],
  "val_auroc": [
    0.5168095056400857,
    0.5212792784537623,
    0.5227217144826017,
    0.5226864718136834,
    0.5259354823821629,
    0.5282406610841923,
    0.5297732854452638,
    0.5323640231158071,
    0.5332230843305534,
    0.5355863731024182,
    0.5351328607911733
  ],
  "val_sensitivity": [
    [
      0.7813418217433888,
      0.28164556962025317,
      0.0004761904761904762,
      0.0
    ],
    [
      0.3006856023506366,
      0.5712025316455697,
      0.051904761904761905,
      0.3850574712643678
    ],
    [
      0.2578354554358472,
      0.25316455696202533,
      0.15476190476190477,
      0.7701149425287356
    ],
    [
      0.3621449559255632,
      0.26582278481012656,
      0.0,
      0.8275862068965517
    ],
    [
      0.36753183153770813,
      0.2674050632911392,
      0.004761904761904762,
      0.8333333333333334
    ],
    [
      0.44564152791381,
      0.2990506329113924,
      0.002380952380952381,
      0.7931034482758621
    ],
    [
      0.4253183153770813,
      0.2990506329113924,
      0.030952380952380953,
      0.8275862068965517
    ],
    [
      0.34084231145935356,
      0.3528481012658228,
      0.13714285714285715,
      0.7988505747126436
    ],
    [
      0.46278158667972574,
      0.31329113924050633,
      0.025238095238095237,
      0.7988505747126436
    ],
    [
      0.3577375122428991,
      0.34177215189873417,
      0.10714285714285714,
      0.8103448275862069
    ],
    [
      0.2906464250734574,
      0.4572784810126582,
      0.05142857142857143,
      0.8908045977011494
    ]
  ],
  "val_specificity": [
    [
      0.24741913282863043,
      0.7746146586977036,
      1.0,
      1.0
    ],
    [
      0.7439779766001376,
      0.5132117017930167,
      0.9505112474437628,
      0.8321596244131455
    ],
    [
      0.7690984170681349,
      0.8233721296005033,
      0.8554192229038855,
      0.5867077464788732
    ],
    [
      0.6730901582931865,
      0.8199119219880465,
      0.9993865030674847,
      0.5450410798122066
    ],
    [
      0.6689607708189952,
      0.8153507392261717,
      0.9950920245398773,
      0.5591255868544601
    ],
    [
      0.6032346868547832,
      0.7864108210128972,
      0.998159509202454,
      0.6599178403755869
    ],
    [
      0.6300757054370268,
      0.7835797420572507,
      0.9703476482617587,
      0.6685739436619719
    ],
    [
      0.7099105299380591,
      0.7469329977980497,
      0.881799591002045,
      0.7186032863849765
    ],
    [
      0.5939435650378527,
      0.7694243472790185,
      0.9756646216768916,
      0.7146420187793427
    ],
    [
      0.6937370956641431,
      0.746461151305442,
      0.8860940695296523,
      0.7230046948356808
    ],
    [
      0.7701307639366827,
      0.6822900283107896,
      0.943558282208589,
      0.6644659624413145
    ]
  ],
  "learning_rate": [
    0.000698,
    0.000698,
    0.000698,
    0.000698,
    0.000349,
    0.000349,
    0.000349,
    0.0001745,
    0.0001745,
    0.0001745,
    8.725e-05
  ],
  "learning_rate_dict": [
    {
      "cnn": 0.000698,
      "lstm": 2.93e-05,
      "layer_norm": 0.000698,
      "fc": 0.000698
    },
    {
      "cnn": 0.000698,
      "lstm": 2.93e-05,
      "layer_norm": 0.000698,
      "fc": 0.000698
    },
    {
      "cnn": 0.000698,
      "lstm": 2.93e-05,
      "layer_norm": 0.000698,
      "fc": 0.000698
    },
    {
      "cnn": 0.000698,
      "lstm": 2.93e-05,
      "layer_norm": 0.000698,
      "fc": 0.000698
    },
    {
      "cnn": 0.000349,
      "lstm": 1.465e-05,
      "layer_norm": 0.000349,
      "fc": 0.000349
    },
    {
      "cnn": 0.000349,
      "lstm": 1.465e-05,
      "layer_norm": 0.000349,
      "fc": 0.000349
    },
    {
      "cnn": 0.000349,
      "lstm": 1.465e-05,
      "layer_norm": 0.000349,
      "fc": 0.000349
    },
    {
      "cnn": 0.0001745,
      "lstm": 7.325e-06,
      "layer_norm": 0.0001745,
      "fc": 0.0001745
    },
    {
      "cnn": 0.0001745,
      "lstm": 7.325e-06,
      "layer_norm": 0.0001745,
      "fc": 0.0001745
    },
    {
      "cnn": 0.0001745,
      "lstm": 7.325e-06,
      "layer_norm": 0.0001745,
      "fc": 0.0001745
    },
    {
      "cnn": 8.725e-05,
      "lstm": 3.6625e-06,
      "layer_norm": 8.725e-05,
      "fc": 8.725e-05
    }
  ],
  "epochs_completed": 11,
  "best_epoch": 1,
  "best_val_f1": 0.4087144779010224,
  "stopped_early": true,
  "start_time": "2025-12-10T22:24:20.798582",
  "end_time": "2025-12-10T22:27:54.620963"
}