{
  "config": {},
  "train_loss": [
    1.4009611640902733,
    1.3883581590309417,
    1.3845299074975708,
    1.385135815297957,
    1.3815490564854025,
    1.3808525886467036,
    1.3794620620260993,
    1.3783430645791748,
    1.3775822172919623,
    1.3764214978801261,
    1.3775410845125322
  ],
  "train_acc": [
    0.27166622136599494,
    0.26576012824659345,
    0.24174201622769395,
    0.22766582762645368,
    0.2089772615414903,
    0.21811764375008788,
    0.212113115745363,
    0.20721949573214463,
    0.21446149086664887,
    0.20883664027674265,
    0.2041258279076962
  ],
  "val_loss": [
    1.3821326196193695,
    1.384873515367508,
    1.3800568560759225,
    1.3835520207881928,
    1.3769465923309325,
    1.3775982717672983,
    1.3792322079340618,
    1.3767642458279927,
    1.37624325354894,
    1.376429444551468,
    1.3760055124759674
  ],
  "val_acc": [
    0.4416197090813786,
    0.31234438474642906,
    0.27453806840518935,
    0.20089110208360633,
    0.238173240728607,
    0.2082295898309527,
    0.18896605949416853,
    0.20351199056480146,
    0.19348709212423013,
    0.1836587603197484,
    0.18293801598741974
  ],
  "val_f1": [
    0.3985166253574196,
    0.3302579158481388,
    0.31955219216802,
    0.23952178386352582,
    0.25327389331290406,
    0.20534848803507422,
    0.19589201241654577,
    0.20702375889280153,
    0.17583461216091406,
    0.1617612209833362,
    0.15447985640250605
  ],
  "val_auroc": [
    0.5136757399378974,
    0.513900161233438,
    0.5172838741938882,
    0.5131153497770722,
    0.5126537697577833,
    0.5102070071212332,
    0.5104343776011174,
    0.5106674875757647,
    0.5109512368081884,
    0.510778201016745,
    0.5108357229249024
  ],
  "val_sensitivity": [
    [
      0.7227241924553874,
      0.10208643815201192,
      0.02926315789473684,
      0.20569620253164558
    ],
    [
      0.49446577817935394,
      0.10730253353204174,
      0.018105263157894735,
      0.5031645569620253
    ],
    [
      0.2575107296137339,
      0.11475409836065574,
      0.34378947368421053,
      0.38924050632911394
    ],
    [
      0.13993675175062117,
      0.09538002980625931,
      0.3193684210526316,
      0.5759493670886076
    ],
    [
      0.1346284165348995,
      0.10283159463487332,
      0.45663157894736844,
      0.43037974683544306
    ],
    [
      0.07759204879150666,
      0.07973174366616989,
      0.4669473684210526,
      0.5253164556962026
    ],
    [
      0.07296137339055794,
      0.09985096870342772,
      0.4046315789473684,
      0.5759493670886076
    ],
    [
      0.08131917777275807,
      0.09761549925484352,
      0.4374736842105263,
      0.560126582278481
    ],
    [
      0.04461260447255478,
      0.09016393442622951,
      0.4751578947368421,
      0.569620253164557
    ],
    [
      0.030381748362322113,
      0.10655737704918032,
      0.4646315789473684,
      0.5822784810126582
    ],
    [
      0.02213688728258414,
      0.10506706408345752,
      0.47789473684210526,
      0.5854430379746836
    ]
  ],
  "val_specificity": [
    [
      0.26186017478152307,
      0.9245689655172413,
      0.965372907153729,
      0.8408938846514118
    ],
    [
      0.4973470661672909,
      0.9242097701149425,
      0.9765981735159818,
      0.6003613006824569
    ],
    [
      0.7275280898876404,
      0.9117816091954023,
      0.6703767123287672,
      0.690017395958785
    ],
    [
      0.8607990012484394,
      0.9183189655172413,
      0.6888318112633182,
      0.5386056469958518
    ],
    [
      0.8548689138576779,
      0.9147270114942528,
      0.561548706240487,
      0.6720861769035194
    ],
    [
      0.909019975031211,
      0.9313936781609196,
      0.5468987823439878,
      0.6130737321022347
    ],
    [
      0.9202559300873908,
      0.915948275862069,
      0.6098744292237442,
      0.5586779071323431
    ],
    [
      0.9130774032459426,
      0.9163074712643678,
      0.576769406392694,
      0.5995584102769972
    ],
    [
      0.9502184769038702,
      0.9260057471264368,
      0.5365296803652968,
      0.5926669342968018
    ],
    [
      0.9664481897627965,
      0.9160919540229885,
      0.5519406392694064,
      0.5740666399036531
    ],
    [
      0.9758114856429463,
      0.917528735632184,
      0.5404299847792998,
      0.5760738659173023
    ]
  ],
  "learning_rate": [
    7.01e-05,
    7.01e-05,
    7.01e-05,
    7.01e-05,
    3.505e-05,
    3.505e-05,
    3.505e-05,
    1.7525e-05,
    1.7525e-05,
    1.7525e-05,
    8.7625e-06
  ],
  "learning_rate_dict": [
    {
      "cnn": 7.01e-05,
      "lstm": 5.71e-06,
      "layer_norm": 7.01e-05,
      "fc": 7.01e-05
    },
    {
      "cnn": 7.01e-05,
      "lstm": 5.71e-06,
      "layer_norm": 7.01e-05,
      "fc": 7.01e-05
    },
    {
      "cnn": 7.01e-05,
      "lstm": 5.71e-06,
      "layer_norm": 7.01e-05,
      "fc": 7.01e-05
    },
    {
      "cnn": 7.01e-05,
      "lstm": 5.71e-06,
      "layer_norm": 7.01e-05,
      "fc": 7.01e-05
    },
    {
      "cnn": 3.505e-05,
      "lstm": 2.855e-06,
      "layer_norm": 3.505e-05,
      "fc": 3.505e-05
    },
    {
      "cnn": 3.505e-05,
      "lstm": 2.855e-06,
      "layer_norm": 3.505e-05,
      "fc": 3.505e-05
    },
    {
      "cnn": 3.505e-05,
      "lstm": 2.855e-06,
      "layer_norm": 3.505e-05,
      "fc": 3.505e-05
    },
    {
      "cnn": 1.7525e-05,
      "lstm": 1.4275e-06,
      "layer_norm": 1.7525e-05,
      "fc": 1.7525e-05
    },
    {
      "cnn": 1.7525e-05,
      "lstm": 1.4275e-06,
      "layer_norm": 1.7525e-05,
      "fc": 1.7525e-05
    },
    {
      "cnn": 1.7525e-05,
      "lstm": 1.4275e-06,
      "layer_norm": 1.7525e-05,
      "fc": 1.7525e-05
    },
    {
      "cnn": 8.7625e-06,
      "lstm": 7.1375e-07,
      "layer_norm": 8.7625e-06,
      "fc": 8.7625e-06
    }
  ],
  "epochs_completed": 11,
  "best_epoch": 1,
  "best_val_f1": 0.3985166253574196,
  "stopped_early": true,
  "start_time": "2025-12-11T13:09:09.716926",
  "end_time": "2025-12-11T13:14:09.541177"
}