{
  "config": {},
  "train_loss": [
    1.4327877063562375,
    1.4456461502773927,
    1.4404064499505675,
    1.4229824365955768
  ],
  "train_acc": [
    0.3828385396480893,
    0.38090070537167664,
    0.3743120688318735,
    0.3721416944422913
  ],
  "val_loss": [
    1.4080003225940398,
    1.354753666910632,
    1.3890991964559445,
    1.3336836496988933
  ],
  "val_acc": [
    0.08092485549132948,
    0.32008670520231214,
    0.27673410404624277,
    0.3020231213872832
  ],
  "val_f1": [
    0.013366567499467064,
    0.15522540821524278,
    0.25337705415563405,
    0.27325111193815715
  ],
  "val_auroc": [
    0.5112418099295793,
    0.5171490711984862,
    0.5103619797068885,
    0.5254691294088344
  ],
  "val_sensitivity": [
    [
      0.0,
      1.0,
      0.002257336343115124,
      0.0
    ],
    [
      0.0,
      0.0,
      1.0,
      0.0
    ],
    [
      0.11717296962182269,
      0.34684684684684686,
      0.5643340857787811,
      0.0
    ],
    [
      0.13639181649101054,
      0.23873873873873874,
      0.6354401805869074,
      0.0
    ]
  ],
  "val_specificity": [
    [
      1.0,
      0.0019638648860958365,
      0.9984059511158342,
      1.0
    ],
    [
      1.0,
      1.0,
      0.0,
      1.0
    ],
    [
      0.8787878787878788,
      0.7050274941084054,
      0.40967056323060574,
      1.0
    ],
    [
      0.8519480519480519,
      0.7890809112333071,
      0.34962805526036134,
      1.0
    ]
  ],
  "learning_rate": [
    0.000746,
    0.000746,
    0.000746,
    0.000746
  ],
  "learning_rate_dict": [
    {
      "cnn": 0.000746,
      "lstm": 7.42e-05,
      "layer_norm": 0.000746,
      "fc": 0.000746
    },
    {
      "cnn": 0.000746,
      "lstm": 7.42e-05,
      "layer_norm": 0.000746,
      "fc": 0.000746
    },
    {
      "cnn": 0.000746,
      "lstm": 7.42e-05,
      "layer_norm": 0.000746,
      "fc": 0.000746
    },
    {
      "cnn": 0.000746,
      "lstm": 7.42e-05,
      "layer_norm": 0.000746,
      "fc": 0.000746
    }
  ],
  "epochs_completed": 4,
  "best_epoch": 4,
  "best_val_f1": 0.27325111193815715,
  "stopped_early": false,
  "start_time": "2025-12-11T13:17:09.147392",
  "end_time": null
}