{
  "config": {},
  "train_loss": [
    1.3677723050707637,
    1.3362462963208113,
    1.335885866738782,
    1.3212220857639123,
    1.2917400943760824,
    1.305177183582051,
    1.285942164683106,
    1.3041912386618038,
    1.2826808615781293,
    1.2772199126458403,
    1.2653511460169706,
    1.2648791067375995,
    1.2455830008971809,
    1.2337035933638563,
    1.2227530941219613,
    1.2066314118628454,
    1.2049579856419328,
    1.202369677400825,
    1.1866621034275187
  ],
  "train_acc": [
    0.4769397721106891,
    0.3905123633826835,
    0.4017518021858771,
    0.3895046895589489,
    0.3978761336330517,
    0.39082241686690955,
    0.42725370126346796,
    0.4044647701728548,
    0.4322920703821409,
    0.4259359739555073,
    0.438260599953492,
    0.4306642895899543,
    0.4429114022168824,
    0.43725292612975736,
    0.45391830090690644,
    0.44353150918533446,
    0.45221300674366327,
    0.45608867529648867,
    0.45074025269358964
  ],
  "val_loss": [
    1.3223155051812359,
    1.3442860266257977,
    1.3124240972529884,
    1.2516170342763264,
    1.3239223867997356,
    1.2504989970689533,
    1.265786827980787,
    1.2920947417445567,
    1.2534884324018982,
    1.274542476253948,
    1.2317578909040867,
    1.271432457984179,
    1.2208602949120533,
    1.263390384871384,
    1.253370097998915,
    1.241919526423531,
    1.2568249448962596,
    1.258896558449186,
    1.2567274001823074
  ],
  "val_acc": [
    0.4234104046242775,
    0.4454479768786127,
    0.4407514450867052,
    0.3601878612716763,
    0.45664739884393063,
    0.48807803468208094,
    0.40390173410404623,
    0.4656791907514451,
    0.49710982658959535,
    0.4671242774566474,
    0.4313583815028902,
    0.4031791907514451,
    0.4375,
    0.43713872832369943,
    0.44508670520231214,
    0.43966763005780346,
    0.45195086705202314,
    0.40859826589595377,
    0.4263005780346821
  ],
  "val_f1": [
    0.3783783820741029,
    0.3994906872598422,
    0.4104373653835966,
    0.3862532923946358,
    0.43440699161778745,
    0.433273779082518,
    0.42021712403273037,
    0.45100302239230783,
    0.48568290738998976,
    0.4700558137490355,
    0.4541157746324092,
    0.4183702197905362,
    0.45531798122066813,
    0.4421928366895401,
    0.4493974379686813,
    0.4577609459734946,
    0.45838470318328733,
    0.43724345337360065,
    0.45111257343843053
  ],
  "val_auroc": [
    0.518189310907033,
    0.5243881112185478,
    0.542084490344872,
    0.5412962701146886,
    0.5563771428139564,
    0.5571855933962049,
    0.5519654256873094,
    0.5575972566940869,
    0.5624569848751325,
    0.5562812835231052,
    0.5652793815889637,
    0.5704318378661357,
    0.5692509520497836,
    0.5666174517734978,
    0.5700224323411436,
    0.5705264851760883,
    0.5699495280909399,
    0.5730014026147021,
    0.5732997810514594
  ],
  "val_sensitivity": [
    [
      0.6683199008059516,
      0.42342342342342343,
      0.0,
      0.0
    ],
    [
      0.7048977061376317,
      0.34234234234234234,
      0.016930022573363433,
      0.10638297872340426
    ],
    [
      0.6720396776193428,
      0.43243243243243246,
      0.039503386004514675,
      0.10638297872340426
    ],
    [
      0.3397396156230626,
      0.33783783783783783,
      0.40970654627539504,
      0.23404255319148937
    ],
    [
      0.6819590824550527,
      0.4189189189189189,
      0.0744920993227991,
      0.10638297872340426
    ],
    [
      0.7668939863608184,
      0.3333333333333333,
      0.03160270880361174,
      0.2553191489361702
    ],
    [
      0.5412275263484191,
      0.49099099099099097,
      0.13882618510158012,
      0.2765957446808511
    ],
    [
      0.6807191568505889,
      0.38288288288288286,
      0.11173814898419865,
      0.14893617021276595
    ],
    [
      0.6931184128952262,
      0.16666666666666666,
      0.23927765237020315,
      0.19148936170212766
    ],
    [
      0.6367017978921264,
      0.26576576576576577,
      0.22460496613995484,
      0.1702127659574468
    ],
    [
      0.5034097954122753,
      0.3108108108108108,
      0.34085778781038373,
      0.23404255319148937
    ],
    [
      0.3546187228766274,
      0.23873873873873874,
      0.5428893905191874,
      0.2127659574468085
    ],
    [
      0.5654060756354619,
      0.35135135135135137,
      0.2291196388261851,
      0.3829787234042553
    ],
    [
      0.6081835089894606,
      0.45045045045045046,
      0.13205417607223477,
      0.2553191489361702
    ],
    [
      0.6181029138251705,
      0.45045045045045046,
      0.1399548532731377,
      0.23404255319148937
    ],
    [
      0.555486670799752,
      0.4099099099099099,
      0.24266365688487584,
      0.3191489361702128
    ],
    [
      0.6143831370117793,
      0.42342342342342343,
      0.172686230248307,
      0.2765957446808511
    ],
    [
      0.47241165530068197,
      0.4369369369369369,
      0.2945823927765237,
      0.23404255319148937
    ],
    [
      0.504649721016739,
      0.3918918918918919,
      0.30248306997742663,
      0.23404255319148937
    ]
  ],
  "val_specificity": [
    [
      0.35324675324675325,
      0.6665357423409269,
      1.0,
      1.0
    ],
    [
      0.3212121212121212,
      0.7348782403770621,
      0.98990435706695,
      0.9790518191841234
    ],
    [
      0.3878787878787879,
      0.7093479968578161,
      0.9558979808714134,
      0.9933847850055126
    ],
    [
      0.7125541125541126,
      0.7780832678711704,
      0.5727948990435706,
      0.9742741639103271
    ],
    [
      0.41125541125541126,
      0.7348782403770621,
      0.9357066950053134,
      0.9897096655641309
    ],
    [
      0.3229437229437229,
      0.8059701492537313,
      0.9691817215727949,
      0.9694965086365307
    ],
    [
      0.561038961038961,
      0.6865671641791045,
      0.8554729011689692,
      0.9731716280779126
    ],
    [
      0.43116883116883115,
      0.7776904948939513,
      0.8889479277364506,
      0.9827269386255053
    ],
    [
      0.4025974025974026,
      0.903770620581304,
      0.7832093517534537,
      0.9819919147372289
    ],
    [
      0.4666666666666667,
      0.8334642576590731,
      0.7917109458023379,
      0.9841969864020581
    ],
    [
      0.606926406926407,
      0.8271798900235664,
      0.6732199787460149,
      0.9761117236310181
    ],
    [
      0.7411255411255411,
      0.8527101335428122,
      0.4962805526036132,
      0.9889746416758545
    ],
    [
      0.5593073593073593,
      0.800471327572663,
      0.7778958554729012,
      0.9551635428151415
    ],
    [
      0.516017316017316,
      0.7234878240377062,
      0.8756641870350691,
      0.9775817714075707
    ],
    [
      0.5108225108225108,
      0.727808326787117,
      0.8799149840595112,
      0.9808893789048144
    ],
    [
      0.561038961038961,
      0.7757266300078555,
      0.7789585547290117,
      0.9790518191841234
    ],
    [
      0.5056277056277056,
      0.7572663000785546,
      0.8544102019128587,
      0.980154355016538
    ],
    [
      0.638961038961039,
      0.7482325216025137,
      0.7146652497343252,
      0.9845644983461963
    ],
    [
      0.6138528138528139,
      0.7835820895522388,
      0.7125398512221042,
      0.9816244027930908
    ]
  ],
  "learning_rate": [
    0.000894,
    0.000894,
    0.000894,
    0.000894,
    0.000894,
    0.000894,
    0.000894,
    0.000894,
    0.000894,
    0.000894,
    0.000894,
    0.000894,
    0.000447,
    0.000447,
    0.000447,
    0.0002235,
    0.0002235,
    0.0002235,
    0.00011175
  ],
  "learning_rate_dict": [
    {
      "cnn": 0.000894,
      "lstm": 1.01e-06,
      "fc": 0.000894
    },
    {
      "cnn": 0.000894,
      "lstm": 1.01e-06,
      "fc": 0.000894
    },
    {
      "cnn": 0.000894,
      "lstm": 1.01e-06,
      "fc": 0.000894
    },
    {
      "cnn": 0.000894,
      "lstm": 1.01e-06,
      "fc": 0.000894
    },
    {
      "cnn": 0.000894,
      "lstm": 1.01e-06,