{
  "config": {},
  "train_loss": [
    1.3914618828742624,
    1.383690004726108,
    1.3784243608121391,
    1.3716620736413723,
    1.362362612708867,
    1.354119750021173,
    1.3354997163196263,
    1.30912309842144,
    1.289258355502602,
    1.2571279389395131,
    1.2220324553388486
  ],
  "train_acc": [
    0.2645085989903393,
    0.26376330628717676,
    0.23486563638153363,
    0.2252893282522183,
    0.22062070226259614,
    0.213913067934133,
    0.21152250643342285,
    0.22422060664013613,
    0.21641612644664127,
    0.22233628169251754,
    0.22595024819653228
  ],
  "val_loss": [
    1.3745140045881272,
    1.3762760619322458,
    1.366732832789421,
    1.3560053964455923,
    1.3613993495702743,
    1.3446962823470434,
    1.3251916527748109,
    1.3206649512052535,
    1.274947714805603,
    1.234260090192159,
    1.2264316936333974
  ],
  "val_acc": [
    0.3056611191193815,
    0.2291966976805137,
    0.21275062246101428,
    0.22841043113615517,
    0.19420783645655879,
    0.19637006945354477,
    0.21170226706853623,
    0.19656663608963437,
    0.21425763333770148,
    0.2103263006159088,
    0.20213602411217402
  ],
  "val_f1": [
    0.2971966807603377,
    0.23824828251186178,
    0.20559792309547456,
    0.22161348560138716,
    0.2057696689198247,
    0.21328764158878163,
    0.22497929891750962,
    0.22071774571486766,
    0.22053231815375934,
    0.20397880451220252,
    0.19864933412195118
  ],
  "val_auroc": [
    0.5095820823995848,
    0.5081361773690275,
    0.5062466932733756,
    0.5100296662043197,
    0.5101135038813057,
    0.5117750226444343,
    0.5137965645143416,
    0.5132238081488433,
    0.5184963397957161,
    0.524439776109297,
    0.5257479859641497
  ],
  "val_sensitivity": [
    [
      0.17404562909419471,
      0.176602086438152,
      0.5951578947368421,
      0.189873417721519
    ],
    [
      0.11429862209170996,
      0.1825633383010432,
      0.4423157894736842,
      0.4430379746835443
    ],
    [
      0.07149311045854981,
      0.2548435171385991,
      0.44673684210526315,
      0.47468354430379744
    ],
    [
      0.08448159024169867,
      0.23323397913561847,
      0.47726315789473683,
      0.5
    ],
    [
      0.0815450643776824,
      0.23472429210134127,
      0.3646315789473684,
      0.6170886075949367
    ],
    [
      0.09769595662977186,
      0.3152011922503726,
      0.3162105263157895,
      0.6550632911392406
    ],
    [
      0.10232663203072058,
      0.27421758569299554,
      0.36378947368421055,
      0.7246835443037974
    ],
    [
      0.11271741585723967,
      0.3107302533532042,
      0.28210526315789475,
      0.7753164556962026
    ],
    [
      0.09735712672238536,
      0.37779433681073027,
      0.34926315789473683,
      0.7658227848101266
    ],
    [
      0.07781793539643099,
      0.47466467958271236,
      0.34,
      0.8512658227848101
    ],
    [
      0.07951208493336345,
      0.5178837555886736,
      0.29347368421052633,
      0.9240506329113924
    ]
  ],
  "val_specificity": [
    [
      0.817103620474407,
      0.8670977011494253,
      0.4247526636225266,
      0.8977652883714706
    ],
    [
      0.8689138576779026,
      0.8636494252873563,
      0.570300608828006,
      0.6983139301485347
    ],
    [
      0.920099875156055,
      0.8255028735632184,
      0.5732496194824962,
      0.6930282349792587
    ],
    [
      0.9079275905118602,
      0.8455459770114943,
      0.5547945205479452,
      0.7085507828181453
    ],
    [
      0.9143258426966292,
      0.8331896551724138,
      0.6657153729071538,
      0.6043757527097551
    ],
    [
      0.9041822721598003,
      0.7658764367816092,
      0.7042427701674278,
      0.646527498996387
    ],
    [
      0.8951310861423221,
      0.798132183908046,
      0.670662100456621,
      0.6596413756188947
    ],
    [
      0.884207240948814,
      0.7717672413793103,
      0.7434360730593608,
      0.6222400642312325
    ],
    [
      0.9029338327091136,
      0.7233477011494253,
      0.6832191780821918,
      0.7197243409607922
    ],
    [
      0.9244694132334582,
      0.6767959770114943,
      0.6896879756468798,
      0.7452830188679245
    ],
    [
      0.927434456928839,
      0.65,
      0.732210806697108,
      0.7306971765020741
    ]
  ],
  "learning_rate": [
    6.35e-05,
    6.35e-05,
    6.35e-05,
    6.35e-05,
    3.175e-05,
    3.175e-05,
    3.175e-05,
    1.5875e-05,
    1.5875e-05,
    1.5875e-05,
    7.9375e-06
  ],
  "learning_rate_dict": [
    {
      "cnn": 6.35e-05,
      "lstm": 2.79e-05,
      "layer_norm": 6.35e-05,
      "fc": 6.35e-05
    },
    {
      "cnn": 6.35e-05,
      "lstm": 2.79e-05,
      "layer_norm": 6.35e-05,
      "fc": 6.35e-05
    },
    {
      "cnn": 6.35e-05,
      "lstm": 2.79e-05,
      "layer_norm": 6.35e-05,
      "fc": 6.35e-05
    },
    {
      "cnn": 6.35e-05,
      "lstm": 2.79e-05,
      "layer_norm": 6.35e-05,
      "fc": 6.35e-05
    },
    {
      "cnn": 3.175e-05,
      "lstm": 1.395e-05,
      "layer_norm": 3.175e-05,
      "fc": 3.175e-05
    },
    {
      "cnn": 3.175e-05,
      "lstm": 1.395e-05,
      "layer_norm": 3.175e-05,
      "fc": 3.175e-05
    },
    {
      "cnn": 3.175e-05,
      "lstm": 1.395e-05,
      "layer_norm": 3.175e-05,
      "fc": 3.175e-05
    },
    {
      "cnn": 1.5875e-05,
      "lstm": 6.975e-06,
      "layer_norm": 1.5875e-05,
      "fc": 1.5875e-05
    },
    {
      "cnn": 1.5875e-05,
      "lstm": 6.975e-06,
      "layer_norm": 1.5875e-05,
      "fc": 1.5875e-05
    },
    {
      "cnn": 1.5875e-05,
      "lstm": 6.975e-06,
      "layer_norm": 1.5875e-05,
      "fc": 1.5875e-05
    },
    {
      "cnn": 7.9375e-06,
      "lstm": 3.4875e-06,
      "layer_norm": 7.9375e-06,
      "fc": 7.9375e-06
    }
  ],
  "epochs_completed": 11,
  "best_epoch": 1,
  "best_val_f1": 0.2971966807603377,
  "stopped_early": true,
  "start_time": "2025-12-10T22:31:03.358447",
  "end_time": "2025-12-10T22:35:18.963642"
}