{
  "config": {},
  "train_loss": [
    1.3846393894377371,
    1.3771523554548084,
    1.369844920129227,
    1.3561247964557126,
    1.3423955121057496,
    1.330249823254647,
    1.3170691042495288,
    1.3060021968625433,
    1.2997101489588512,
    1.290566935599279,
    1.2856687935565014
  ],
  "train_acc": [
    0.43706495296218695,
    0.34298932684600564,
    0.29218286389267784,
    0.27990662748020756,
    0.29250629280159746,
    0.30029671086861753,
    0.3094089688242656,
    0.31499163303474753,
    0.320180557703936,
    0.3227258025958685,
    0.3234429710460816
  ],
  "val_loss": [
    1.3659321784973144,
    1.3628574510415394,
    1.3557801683743795,
    1.3472681045532227,
    1.3388071040312448,
    1.330669962366422,
    1.3226125488678615,
    1.3186285018920898,
    1.3126817703247071,
    1.308704388141632,
    1.3060125013192494
  ],
  "val_acc": [
    0.4095138251867383,
    0.36862796488009436,
    0.3526405451448041,
    0.340322369283187,
    0.35965142183200105,
    0.36332066570567423,
    0.36181365482898703,
    0.35663740007862665,
    0.3636482767658236,
    0.36089634386056874,
    0.36083082164853886
  ],
  "val_f1": [
    0.4148024235864483,
    0.38211093503427024,
    0.38498273994660015,
    0.38155692439600714,
    0.3932021862827975,
    0.3932356515681413,
    0.3887499066109633,
    0.3832605606569468,
    0.38768081221283157,
    0.3852062709401494,
    0.3846511156432369
  ],
  "val_auroc": [
    0.5090355585502329,
    0.5130626721351433,
    0.5158339217949318,
    0.5169781365324058,
    0.5187411674520055,
    0.520072518962378,
    0.521126674731164,
    0.5218385477911307,
    0.5222740121236548,
    0.5225917921126106,
    0.5229291158039815
  ],
  "val_sensitivity": [
    [
      0.42760334312175285,
      0.11847988077496274,
      0.48526315789473684,
      0.0
    ],
    [
      0.3356674949175514,
      0.19076005961251863,
      0.5025263157894737,
      0.03481012658227848
    ],
    [
      0.3775694601310142,
      0.14307004470938897,
      0.3623157894736842,
      0.3987341772151899
    ],
    [
      0.42082674497402306,
      0.09388971684053651,
      0.24063157894736842,
      0.629746835443038
    ],
    [
      0.48317144793313754,
      0.08047690014903129,
      0.18778947368421053,
      0.6677215189873418
    ],
    [
      0.5005647165123108,
      0.07526080476900149,
      0.16589473684210526,
      0.7088607594936709
    ],
    [
      0.5119719900609894,
      0.08271236959761549,
      0.1336842105263158,
      0.7689873417721519
    ],
    [
      0.506889541450192,
      0.08867362146050671,
      0.12231578947368421,
      0.8069620253164557
    ],
    [
      0.5189744748136436,
      0.08271236959761549,
      0.12336842105263159,
      0.8164556962025317
    ],
    [
      0.5156991190422408,
      0.08941877794336811,
      0.11831578947368421,
      0.8227848101265823
    ],
    [
      0.516489722159476,
      0.08941877794336811,
      0.11642105263157895,
      0.8259493670886076
    ]
  ],
  "val_specificity": [
    [
      0.579900124843945,
      0.9126436781609195,
      0.5144596651445966,
      1.0
    ],
    [
      0.6794631710362048,
      0.8538793103448276,
      0.507134703196347,
      0.9754449350996922
    ],
    [
      0.6359238451935081,
      0.8886494252873564,
      0.6465943683409436,
      0.847317007895089
    ],
    [
      0.5867665418227216,
      0.9353448275862069,
      0.7786339421613394,
      0.719456710825639
    ],
    [
      0.5313670411985019,
      0.9469827586206897,
      0.8331430745814308,
      0.7137695704536331
    ],
    [
      0.5143570536828964,
      0.9515086206896551,
      0.854261796042618,
      0.7057406663990365
    ],
    [
      0.5009363295880149,
      0.9529454022988506,
      0.8904109589041096,
      0.6831928275123779
    ],
    [
      0.5039013732833958,
      0.9496408045977012,
      0.897640791476408,
      0.6746286631874749
    ],
    [
      0.492665418227216,
      0.9522988505747126,
      0.9010654490106544,
      0.6817208617690352
    ],
    [
      0.49563046192259674,
      0.947485632183908,
      0.9049657534246576,
      0.6793790980864446
    ],
    [
      0.4942259675405743,
      0.9474137931034483,
      0.9057267884322678,
      0.6794460056202328
    ]
  ],
  "learning_rate": [
    2.93e-05,
    2.93e-05,
    2.93e-05,
    2.93e-05,
    1.465e-05,
    1.465e-05,
    1.465e-05,
    7.325e-06,
    7.325e-06,
    7.325e-06,
    3.6625e-06
  ],
  "learning_rate_dict": [
    {
      "cnn": 2.93e-05,
      "lstm": 3.82e-06,
      "fc": 2.93e-05
    },
    {
      "cnn": 2.93e-05,
      "lstm": 3.82e-06,
      "fc": 2.93e-05
    },
    {
      "cnn": 2.93e-05,
      "lstm": 3.82e-06,
      "fc": 2.93e-05
    },
    {
      "cnn": 2.93e-05,
      "lstm": 3.82e-06,
      "fc": 2.93e-05
    },
    {
      "cnn": 1.465e-05,
      "lstm": 1.91e-06,
      "fc": 1.465e-05
    },
    {
      "cnn": 1.465e-05,
      "lstm": 1.91e-06,
      "fc": 1.465e-05
    },
    {
      "cnn": 1.465e-05,
      "lstm": 1.91e-06,
      "fc": 1.465e-05
    },
    {
      "cnn": 7.325e-06,
      "lstm": 9.55e-07,
      "fc": 7.325e-06
    },
    {
      "cnn": 7.325e-06,
      "lstm": 9.55e-07,
      "fc": 7.325e-06
    },
    {
      "cnn": 7.325e-06,
      "lstm": 9.55e-07,
      "fc": 7.325e-06
    },
    {
      "cnn": 3.6625e-06,
      "lstm": 4.775e-07,
      "fc": 3.6625e-06
    }
  ],
  "epochs_completed": 11,
  "best_epoch": 1,
  "best_val_f1": 0.4148024235864483,
  "stopped_early": true,
  "start_time": "2025-12-10T22:32:39.596716",
  "end_time": "2025-12-10T22:39:29.296458"
}