{
  "config": {},
  "train_loss": [
    1.373754096503305,
    1.3371296094195677,
    1.3397693924679615,
    1.3100736645778808,
    1.2796901976413066,
    1.2678479364897945,
    1.2171665077457334,
    1.2232130612477217,
    1.218127667166219,
    1.1803073760601555,
    1.1675747512738304,
    1.1739824166392336,
    1.1772619420201471
  ],
  "train_acc": [
    0.28362142469576,
    0.42299046585536004,
    0.40911557243624525,
    0.41539415549182235,
    0.4005115882489729,
    0.400976668475312,
    0.39942640105418187,
    0.4127587008759011,
    0.4332997442058755,
    0.4073327649019456,
    0.42570343384233783,
    0.42717618789241146,
    0.44678707076970775
  ],
  "val_loss": [
    1.3345400560861347,
    1.2990340926181312,
    1.3006402343169026,
    1.240573808379557,
    1.2561154050388554,
    1.2235893374201896,
    1.2293593424490128,
    1.1972364673669311,
    1.2085163017799114,
    1.2046666631753418,
    1.1995244704443833,
    1.1784595353850003,
    1.1853037476539612
  ],
  "val_acc": [
    0.47109826589595377,
    0.5108381502890174,
    0.4866329479768786,
    0.32442196531791906,
    0.3609104046242775,
    0.3457369942196532,
    0.35874277456647397,
    0.43858381502890176,
    0.31539017341040465,
    0.3977601156069364,
    0.37391618497109824,
    0.40390173410404623,
    0.3815028901734104
  ],
  "val_f1": [
    0.46431875150491836,
    0.4437466050772794,
    0.4750307104315181,
    0.3582987515331634,
    0.39102718858585994,
    0.38344556024084003,
    0.3951865857334131,
    0.4432286161923515,
    0.35624782222476825,
    0.42748432471763886,
    0.4066125525537598,
    0.4315793052626378,
    0.41523944663074897
  ],
  "val_auroc": [
    0.5183896306511092,
    0.5299324124593466,
    0.5355223360465478,
    0.5422160132969988,
    0.543221170376989,
    0.5558150967095205,
    0.556014716597591,
    0.560388069965669,
    0.5571664388814013,
    0.5626241555009123,
    0.5607278633488787,
    0.5637170895633047,
    0.564148376403927
  ],
  "val_sensitivity": [
    [
      0.569125852448853,
      0.05405405405405406,
      0.4221218961625282,
      0.0
    ],
    [
      0.8226906385616863,
      0.15315315315315314,
      0.05304740406320542,
      0.1276595744680851
    ],
    [
      0.6441413515189088,
      0.04954954954954955,
      0.327313769751693,
      0.14893617021276595
    ],
    [
      0.30378177309361437,
      0.4189189189189189,
      0.3340857787810384,
      0.40425531914893614
    ],
    [
      0.3446993180409175,
      0.34684684684684686,
      0.3972911963882618,
      0.2978723404255319
    ],
    [
      0.3688778673279603,
      0.481981981981982,
      0.2652370203160271,
      0.425531914893617
    ],
    [
      0.4265344079355239,
      0.5,
      0.19751693002257337,
      0.40425531914893614
    ],
    [
      0.6069435833849969,
      0.3918918918918919,
      0.13882618510158012,
      0.5319148936170213
    ],
    [
      0.34407935523868566,
      0.5135135135135135,
      0.19525959367945825,
      0.6595744680851063
    ],
    [
      0.4922504649721017,
      0.4144144144144144,
      0.21670428893905191,
      0.48936170212765956
    ],
    [
      0.4513329200247985,
      0.5,
      0.18961625282167044,
      0.5957446808510638
    ],
    [
      0.49473031618102914,
      0.42342342342342343,
      0.22460496613995484,
      0.574468085106383
    ],
    [
      0.4513329200247985,
      0.4774774774774775,
      0.2234762979683973,
      0.5106382978723404
    ]
  ],
  "val_specificity": [
    [
      0.4666666666666667,
      0.96700706991359,
      0.594048884165781,
      1.0
    ],
    [
      0.22597402597402597,
      0.8959151610369207,
      0.9234856535600425,
      0.9812568908489526
    ],
    [
      0.42164502164502166,
      0.974076983503535,
      0.6567481402763018,
      0.9849320102903344
    ],
    [
      0.7471861471861472,
      0.6846032992930087,
      0.6503719447396387,
      0.9570011025358324
    ],
    [
      0.7272727272727273,
      0.7474469756480754,
      0.5967056323060573,
      0.9808893789048144
    ],
    [
      0.7116883116883117,
      0.6661429693637078,
      0.7300743889479278,
      0.9558985667034179
    ],
    [
      0.6692640692640692,
      0.6355066771406127,
      0.8018065887353879,
      0.966188901139287
    ],
    [
      0.5134199134199134,
      0.7611940298507462,
      0.859192348565356,
      0.9562660786475561
    ],
    [
      0.7385281385281385,
      0.617439120188531,
      0.7996811902231669,
      0.9110621095185594
    ],
    [
      0.6216450216450217,
      0.7195600942655145,
      0.7933049946865037,
      0.9533259830944506
    ],
    [
      0.6545454545454545,
      0.6688923802042419,
      0.8257173219978746,
      0.9400955531054759
    ],
    [
      0.6190476190476191,
      0.7368421052631579,
      0.7874601487778958,
      0.9485483278206541
    ],
    [
      0.658008658008658,
      0.6865671641791045,
      0.7922422954303932,
      0.9529584711503124
    ]
  ],
  "learning_rate": [
    0.000385,
    0.000385,
    0.000385,
    0.000385,
    0.000385,
    0.000385,
    0.0001925,
    0.0001925,
    0.0001925,
    9.625e-05,
    9.625e-05,
    9.625e-05,
    4.8125e-05
  ],
  "learning_rate_dict": [
    {
      "cnn": 0.000385,
      "lstm": 3.2e-05,
      "fc": 0.000385
    },
    {
      "cnn": 0.000385,
      "lstm": 3.2e-05,
      "fc": 0.000385
    },
    {
      "cnn": 0.000385,
      "lstm": 3.2e-05,
      "fc": 0.000385
    },
    {
      "cnn": 0.000385,
      "lstm": 3.2e-05,
      "fc": 0.000385
    },
    {
      "cnn": 0.000385,
      "lstm": 3.2e-05,
      "fc": 0.000385
    },
    {
      "cnn": 0.000385,
      "lstm": 3.2e-05,
      "fc": 0.000385
    },
    {
      "cnn": 0.0001925,
      "lstm": 1.6e-05,
      "fc": 0.0001925
    },
    {
      "cnn": 0.0001925,
      "lstm": 1.6e-05,
      "fc": 0.0001925
    },
    {
      "cnn": 0.0001925,
      "lstm": 1.6e-05,
      "fc": 0.0001925
    },
    {
      "cnn": 9.625e-05,
      "lstm": 8e-06,
      "fc": 9.625e-05
    },
    {
      "cnn": 9.625e-05,
      "lstm": 8e-06,
      "fc": 9.625e-05
    },
    {
      "cnn": 9.625e-05,
      "lstm": 8e-06,
      "fc": 9.625e-05
    },
    {
      "cnn": 4.8125e-05,
      "lstm": 4e-06,
      "fc": 4.8125e-05
    }
  ],
  "epochs_completed": 13,
  "best_epoch": 3,
  "best_val_f1": 0.4750307104315181,
  "stopped_early": true,
  "start_time": "2025-12-10T23:03:58.049499",
  "end_time": "2025-12-10T23:08:10.286785"
}