{
  "config": {},
  "train_loss": [
    1.3902959395677617,
    1.3446378326609068,
    1.2331670036307338,
    1.1651637341409882,
    1.128120964502784,
    1.11963310439577,
    1.10908383183312,
    1.0962637396235215,
    1.082392381927316,
    1.0647464856954507,
    1.0388061864066114,
    1.0203896178300458,
    0.9962549538184435,
    0.9810755174410971,
    0.959303789668613,
    0.9475406854741486,
    0.9194986545122587,
    0.9044311446779975,
    0.8866126571643261,
    0.8808334857775079,
    0.8604970156368885,
    0.8499427136273412,
    0.8408942839220415
  ],
  "train_acc": [
    0.3912927312868252,
    0.3906177492160364,
    0.39703007888852954,
    0.4483427783949489,
    0.4682828737361664,
    0.4827106154992758,
    0.5075302687272369,
    0.5229564214700547,
    0.5421512241081097,
    0.5546805787971257,
    0.56761773515391,
    0.5771377947773262,
    0.5892171614191498,
    0.5987231589160913,
    0.6103244132577729,
    0.616075822985952,
    0.6291676627339586,
    0.6366346518920591,
    0.6425969935173597,
    0.6519061212436544,
    0.6600480924725437,
    0.6635917483441847,
    0.6704118796844459
  ],
  "val_loss": [
    1.2911082101318072,
    1.2085358401764363,
    1.2041964839277028,
    1.1407426392007425,
    1.1545918275225338,
    1.1303507514782172,
    1.109734275993311,
    1.1101080265435033,
    1.1291015764827248,
    1.0852302507159595,
    1.1108270247527388,
    1.0451101706025485,
    1.0492882399938892,
    1.0032989289338234,
    1.0252173015344068,
    0.9898108816246817,
    0.9567301501393068,
    0.9108422266424827,
    0.9177859102530049,
    0.902957195037316,
    0.9194712115127586,
    0.8753033706945693,
    0.8838495677747067
  ],
  "val_acc": [
    0.43965404272048225,
    0.3840912069191456,
    0.5045865548420915,
    0.30579216354344124,
    0.46586292753243347,
    0.5397064604901062,
    0.509173109684183,
    0.5416721268510025,
    0.4990826890315817,
    0.557004324465994,
    0.5458000262088848,
    0.5808544096448696,
    0.5786266544358537,
    0.5965797405320403,
    0.6137465600838684,
    0.6218057921635435,
    0.6425763333770148,
    0.6405451448040886,
    0.6235093696763203,
    0.646245577250688,
    0.6374656008386843,
    0.6673437295243088,
    0.6713405844581313
  ],
  "val_f1": [
    0.43300895621732133,
    0.36384105821233204,
    0.4171210436282782,
    0.20162504386314428,
    0.42550946792535765,
    0.47514465098419656,
    0.49314212680286523,
    0.5034424539807374,
    0.5032531355535294,
    0.5316935699725395,
    0.5168106269236341,
    0.5627650032889638,
    0.5744755758881741,
    0.5621367079568241,
    0.5724900552675657,
    0.5999343358254626,
    0.6114119641062695,
    0.6375623113373964,
    0.63180899208051,
    0.6500420304806198,
    0.6326788409457097,
    0.6690721129104044,
    0.6634493899845845
  ],
  "val_auroc": [
    0.5095920275907285,
    0.5334079440451326,
    0.5449762013154955,
    0.5652418990268199,
    0.573717943235414,
    0.5784290491542706,
    0.5843251040323566,
    0.5951243480460477,
    0.6108340919845499,
    0.6479302432103156,
    0.646038414298343,
    0.6694144837468519,
    0.700628317093829,
    0.7114829237490472,
    0.6995096217581388,
    0.7217433126329631,
    0.7274060106164306,
    0.7618803250562768,
    0.7580010222955972,
    0.7648664415386854,
    0.7608685054877609,
    0.7776337798746473,
    0.7805800903772661
  ],
  "val_sensitivity": [
    [
      0.48768918003162415,
      0.041728763040238454,
      0.4917894736842105,
      0.0
    ],
    [
      0.2848430088095776,
      0.004470938897168405,
      0.6751578947368421,
      0.40189873417721517
    ],
    [
      0.8265190874181161,
      0.08867362146050671,
      0.0,
      0.8354430379746836
    ],
    [
      0.02744522249830585,
      0.23174366616989567,
      0.8164210526315789,
      0.7436708860759493
    ],
    [
      0.6801445674271516,
      0.5476900149031296,
      0.03263157894736842,
      0.6265822784810127
    ],
    [
      0.8234696182516377,
      0.3435171385991058,
      0.04968421052631579,
      0.7879746835443038
    ],
    [
      0.7009261350801897,
      0.37555886736214605,
      0.17578947368421052,
      0.7151898734177216
    ],
    [
      0.7907160605376101,
      0.30029806259314457,
      0.12989473684210526,
      0.7784810126582279
    ],
    [
      0.6131691890670883,
      0.45380029806259314,
      0.3117894736842105,
      0.310126582278481
    ],
    [
      0.7704992093968828,
      0.5081967213114754,
      0.16673684210526316,
      0.6487341772151899
    ],
    [
      0.7632708380393043,
      0.5715350223546944,
      0.12252631578947368,
      0.7056962025316456
    ],
    [
      0.7903772306302236,
      0.3859910581222057,
      0.23663157894736842,
      0.7120253164556962
    ],
    [
      0.7463293426699796,
      0.5812220566318927,
      0.2578947368421053,
      0.689873417721519
    ],
    [
      0.8308109329116783,
      0.5745156482861401,
      0.15936842105263158,
      0.6993670886075949
    ],
    [
      0.8644680370454032,
      0.5342771982116244,
      0.16021052631578947,
      0.7436708860759493
    ],
    [
      0.8366839846397108,
      0.5938897168405365,
      0.21894736842105264,
      0.7753164556962026
    ],
    [
      0.8719222950079061,
      0.5625931445603577,
      0.23494736842105263,
      0.6835443037974683
    ],
    [
      0.7891348543031398,
      0.6706408345752608,
      0.3526315789473684,
      0.6772151898734177
    ],
    [
      0.7401174610345607,
      0.6944858420268256,
      0.37663157894736843,
      0.7658227848101266
    ],
    [
      0.7800993901061667,
      0.646795827123696,
      0.38905263157894737,
      0.759493670886076
    ],
    [
      0.7850688954145019,
      0.7742175856929955,
      0.3216842105263158,
      0.6677215189873418
    ],
    [
      0.7979444318951886,
      0.6751117734724292,
      0.41642105263157897,
      0.7468354430379747
    ],
    [
      0.8428958662751299,
      0.6713859910581222,
      0.34442105263157896,
      0.7784810126582279
    ]
  ],