{
  "config": {},
  "train_loss": [
    1.3902959395677617,
    1.3446378326609068,
    1.2331670036307338,
    1.1651637341409882,
    1.128120964502784,
    1.11963310439577,
    1.10908383183312,
    1.0962637396235215,
    1.082392381927316,
    1.0647464856954507,
    1.0388061864066114,
    1.0203896178300458,
    0.9962549538184435,
    0.9810755174410971,
    0.959303789668613,
    0.9475406854741486,
    0.9194986545122587,
    0.9044311446779975,
    0.8866126571643261,
    0.8808334857775079,
    0.8604970156368885,
    0.8499427136273412,
    0.8408942839220415,
    0.8337204557145119,
    0.8266286872632322,
    0.8096092546637724,
    0.8087714862378396,
    0.8016726995943583,
    0.7896683725469348,
    0.7878096421733934,
    0.7834125184498013,
    0.7701161620024888,
    0.7675033204736765,
    0.7676387579388517,
    0.7466707904355997,
    0.7515173688148841,
    0.7332089427511702
  ],
  "train_acc": [
    0.3912927312868252,
    0.3906177492160364,
    0.39703007888852954,
    0.4483427783949489,
    0.4682828737361664,
    0.4827106154992758,
    0.5075302687272369,
    0.5229564214700547,
    0.5421512241081097,
    0.5546805787971257,
    0.56761773515391,
    0.5771377947773262,
    0.5892171614191498,
    0.5987231589160913,
    0.6103244132577729,
    0.616075822985952,
    0.6291676627339586,
    0.6366346518920591,
    0.6425969935173597,
    0.6519061212436544,
    0.6600480924725437,
    0.6635917483441847,
    0.6704118796844459,
    0.6759664196419782,
    0.6783429190162137,
    0.6832224769029572,
    0.6871036238099926,
    0.6880457862838019,
    0.6905488447963101,
    0.6944862402092444,
    0.698170517345633,
    0.7002517120638984,
    0.7066640417363914,
    0.7066781038628661,
    0.7086889879487576,
    0.712865439511763,
    0.7168450213041216
  ],
  "val_loss": [
    1.2911082101318072,
    1.2085358401764363,
    1.2041964839277028,
    1.1407426392007425,
    1.1545918275225338,
    1.1303507514782172,
    1.109734275993311,
    1.1101080265435033,
    1.1291015764827248,
    1.0852302507159595,
    1.1108270247527388,
    1.0451101706025485,
    1.0492882399938892,
    1.0032989289338234,
    1.0252173015344068,
    0.9898108816246817,
    0.9567301501393068,
    0.9108422266424827,
    0.9177859102530049,
    0.902957195037316,
    0.9194712115127586,
    0.8753033706945693,
    0.8838495677747067,
    0.8646754248524612,
    0.8593988447319286,
    0.8562185623891948,
    0.8313729222902961,
    0.8609681105791772,
    0.820545549615749,
    0.8164197830034252,
    0.8032935701107579,
    0.812634837811723,
    0.7789844337546226,
    0.7759799866056543,
    0.7692074666514337,
    0.7726986187527765,
    0.7565454229618769
  ],
  "val_acc": [
    0.43965404272048225,
    0.3840912069191456,
    0.5045865548420915,
    0.30579216354344124,
    0.46586292753243347,
    0.5397064604901062,
    0.509173109684183,
    0.5416721268510025,
    0.4990826890315817,
    0.557004324465994,
    0.5458000262088848,
    0.5808544096448696,
    0.5786266544358537,
    0.5965797405320403,
    0.6137465600838684,
    0.6218057921635435,
    0.6425763333770148,
    0.6405451448040886,
    0.6235093696763203,
    0.646245577250688,
    0.6374656008386843,
    0.6673437295243088,
    0.6713405844581313,
    0.6738304285152666,
    0.6632158301664264,
    0.6789411610535971,
    0.686541737649063,
    0.6503079543965404,
    0.6959769361813655,
    0.7098021229196698,
    0.7155025553662692,
    0.7014808019918752,
    0.7160267330625082,
    0.7146507666098807,
    0.7321451972218582,
    0.7290656532564539,
    0.7233652208098545
  ],
  "val_f1": [
    0.43300895621732133,
    0.36384105821233204,
    0.4171210436282782,
    0.20162504386314428,
    0.42550946792535765,
    0.47514465098419656,
    0.49314212680286523,
    0.5034424539807374,
    0.5032531355535294,
    0.5316935699725395,
    0.5168106269236341,
    0.5627650032889638,
    0.5744755758881741,
    0.5621367079568241,
    0.5724900552675657,
    0.5999343358254626,
    0.6114119641062695,
    0.6375623113373964,
    0.63180899208051,
    0.6500420304806198,
    0.6326788409457097,
    0.6690721129104044,
    0.6634493899845845,
    0.672964999689021,
    0.6744413758270489,
    0.680948276491165,
    0.6931995678170578,
    0.668659214791367,
    0.7019604390551333,
    0.6968698143336113,
    0.7068728493091181,
    0.7043090050044842,
    0.7164883804010755,
    0.7164161593316769,
    0.7260107127418248,
    0.7213030712169826,
    0.7270581609382397
  ],
  "val_auroc": [
    0.5095920275907285,
    0.5334079440451326,
    0.5449762013154955,
    0.5652418990268199,
    0.573717943235414,
    0.5784290491542706,
    0.5843251040323566,
    0.5951243480460477,
    0.6108340919845499,
    0.6479302432103156,
    0.646038414298343,
    0.6694144837468519,
    0.700628317093829,
    0.7114829237490472,
    0.6995096217581388,
    0.7217433126329631,
    0.7274060106164306,
    0.7618803250562768,
    0.7580010222955972,
    0.7648664415386854,
    0.7608685054877609,
    0.7776337798746473,
    0.7805800903772661,
    0.7865288909483372,
    0.7888818735555808,
    0.7917415266025275,
    0.799647718893688,
    0.7937683846303754,
    0.8078452658088181,
    0.8044416734729148,
    0.8127227075371922,
    0.8079721518180972,
    0.8175122343173238,
    0.8175479683268576,
    0.8246699828344585,
    0.822944386333382,
    0.8290971569947866
  ],