{
  "config": {},
  "train_loss": [
    1.3308268588223904,
    1.203273185294309,
    1.159247968694289,
    1.1447041596440102,
    1.1240417136134004,
    1.1157281216528776,
    1.1076282785950804,
    1.092795731781198,
    1.0903189445999886,
    1.0815541576996124,
    1.0785274027491645,
    1.0781079882340465,
    1.0777305482531623,
    1.0723846767017309,
    1.0685454746373266,
    1.0641659828398724,
    1.056121208041692,
    1.0590459114784816,
    1.0608700535280242,
    1.0559223800254383,
    1.051296185675285,
    1.0493857879861652
  ],
  "train_acc": [
    0.2237846807194184,
    0.2645648474962384,
    0.27158184860714635,
    0.2977936523561093,
    0.3189571527006314,
    0.3229789208724143,
    0.3414987414396805,
    0.3522422060664014,
    0.3524672000899976,
    0.36277473879600075,
    0.370494846230647,
    0.3713526359456077,
    0.3753603419909159,
    0.38097113045434733,
    0.3781587051593942,
    0.3877350132887095,
    0.39575042537932587,
    0.3939364110640811,
    0.391123985769128,
    0.39628478618536694,
    0.39980031780405834,
    0.40546735477338886
  ],
  "val_loss": [
    1.2502695163091024,
    1.1980669488509497,
    1.1775419493516286,
    1.1773466835419337,
    1.170955706636111,
    1.178467364112536,
    1.1711467236280442,
    1.1424832691748936,
    1.138692804177602,
    1.137490044037501,
    1.1430949568748474,
    1.1382289201021194,
    1.1263037314017614,
    1.1377888729174932,
    1.1256238381067911,
    1.119846867521604,
    1.1203957070906958,
    1.1225390017032624,
    1.1163032054901123,
    1.116349611679713,
    1.111969236532847,
    1.1179233978192011
  ],
  "val_acc": [
    0.27964880094351985,
    0.2465600838684314,
    0.3044817193028437,
    0.3291180710260778,
    0.3061852968156205,
    0.2744725461931595,
    0.31123050714192113,
    0.30913379635696503,
    0.3448434019132486,
    0.3519853230245053,
    0.3528371117808937,
    0.3669899095793474,
    0.373673175206395,
    0.37400078626654437,
    0.3630585768575547,
    0.38710522867252,
    0.37799764120036694,
    0.3941816275717468,
    0.382256584982309,
    0.35722709998689556,
    0.40210981522736206,
    0.38481195125147427
  ],
  "val_f1": [
    0.31747862551749945,
    0.2742754014282334,
    0.33347186620655067,
    0.3496732276400457,
    0.3359847711328043,
    0.30625047231643904,
    0.3385228794830867,
    0.3346370816949705,
    0.36499650383339904,
    0.37215788181329496,
    0.37353721348655367,
    0.38046115250595913,
    0.3942602307627683,
    0.3947073835113062,
    0.38115128780708885,
    0.39875695991910964,
    0.38838623461032523,
    0.4060407911666541,
    0.40372231564565586,
    0.38662950790014045,
    0.4111609112689059,
    0.40541270996820566
  ],
  "val_auroc": [
    0.5254974713384695,
    0.5376486786395106,
    0.5403443458746661,
    0.5452637710705559,
    0.5482576090166975,
    0.550744711096352,
    0.5537157306560313,
    0.5590324458608343,
    0.5598859633143428,
    0.5623908009604741,
    0.5596096744600155,
    0.5611419488830387,
    0.5633626443895937,
    0.565364488069004,
    0.5682851273615812,
    0.5690952033766538,
    0.5692649539672693,
    0.5714871955281375,
    0.5718533759513253,
    0.5729466545512243,
    0.5749951894167564,
    0.5748482195752774
  ],
  "val_sensitivity": [
    [
      0.2510729613733906,
      0.4128166915052161,
      0.2690526315789474,
      0.6740506329113924
    ],
    [
      0.2267901513440253,
      0.6289120715350224,
      0.13894736842105262,
      0.7943037974683544
    ],
    [
      0.35430313982380846,
      0.5499254843517138,
      0.10694736842105264,
      0.8354430379746836
    ],
    [
      0.42579625028235824,
      0.4932935916542474,
      0.06652631578947368,
      0.870253164556962
    ],
    [
      0.35983736164445446,
      0.5290611028315947,
      0.10505263157894737,
      0.879746835443038
    ],
    [
      0.29568556584594535,
      0.5879284649776453,
      0.10484210526315789,
      0.8987341772151899
    ],
    [
      0.37677885701377906,
      0.5439642324888226,
      0.08463157894736842,
      0.8924050632911392
    ],
    [
      0.36085385136661396,
      0.6184798807749627,
      0.09031578947368421,
      0.8354430379746836
    ],
    [
      0.43155635870792863,
      0.5573770491803278,
      0.08905263157894737,
      0.8575949367088608
    ],
    [
      0.44330246216399366,
      0.5484351713859911,
      0.09305263157894737,
      0.8512658227848101
    ],
    [
      0.44556132821323696,
      0.5394932935916542,
      0.09263157894736843,
      0.8734177215189873
    ],
    [
      0.47978314885927265,
      0.511177347242921,
      0.08273684210526316,
      0.8670886075949367
    ],
    [
      0.47639484978540775,
      0.4858420268256334,
      0.1176842105263158,
      0.8670886075949367
    ],
    [
      0.47470070024847527,
      0.49850968703427717,
      0.11873684210526315,
      0.8607594936708861
    ],
    [
      0.45459679241021006,
      0.5789865871833085,
      0.10042105263157895,
      0.8291139240506329
    ],
    [
      0.5070024847526542,
      0.5096870342771982,
      0.09873684210526316,
      0.8417721518987342
    ],
    [
      0.4959340411113621,
      0.5290611028315947,
      0.08378947368421052,
      0.8544303797468354
    ],
    [
      0.5171673819742489,
      0.496274217585693,
      0.10526315789473684,
      0.8575949367088608
    ],
    [
      0.4795572622543483,
      0.5081967213114754,
      0.13410526315789473,
      0.8512658227848101
    ],
    [
      0.42455387395527444,
      0.5387481371087929,
      0.1454736842105263,
      0.8829113924050633
    ],
    [
      0.5292523153377005,
      0.511177347242921,
      0.10505263157894737,
      0.8417721518987342
    ],
    [
      0.48226790151344023,
      0.53725782414307,
      0.12863157894736843,
      0.8575949367088608
    ]
  ],