{
  "config": {},
  "train_loss": [
    1.3912843263553765,
    1.3888210793455205,
    1.38721170492039,
    1.3855991837031352,
    1.384950666370506,
    1.3835532551040193,
    1.384013404627284,
    1.3815860605525399
  ],
  "train_acc": [
    0.05525223848001747,
    0.12981624184943688,
    0.2205409790035254,
    0.27526284591145916,
    0.31900290144448257,
    0.3499828409197267,
    0.3577200262065953,
    0.37934046735095
  ],
  "val_loss": [
    1.3960290161046114,
    1.3917452519590205,
    1.387994909286499,
    1.3848924214189702,
    1.3828458374196833,
    1.3811803633516484,
    1.3803624499927867,
    1.3787582039833068
  ],
  "val_acc": [
    0.024892703862660945,
    0.27052932761087267,
    0.30042918454935624,
    0.30042918454935624,
    0.2995708154506438,
    0.2995708154506438,
    0.3011444921316166,
    0.30371959942775395
  ],
  "val_f1": [
    0.0012096998944569207,
    0.1372421377146993,
    0.1388121644782504,
    0.13888856082633969,
    0.13903602073043791,
    0.1392730761872298,
    0.14596690182205263,
    0.1547289237370333
  ],
  "val_auroc": [
    0.5001997369956268,
    0.5056574133673535,
    0.5028340350495799,
    0.5054597324150628,
    0.5078308128291595,
    0.5079246999475395,
    0.5063030321523806,
    0.5061994761403926
  ],
  "val_sensitivity": [
    [
      0.0,
      0.0,
      0.0,
      1.0
    ],
    [
      0.0,
      0.0,
      0.8828571428571429,
      0.21264367816091953
    ],
    [
      0.0,
      0.0,
      1.0,
      0.0
    ],
    [
      0.0,
      0.0,
      1.0,
      0.0
    ],
    [
      0.0,
      0.0015822784810126582,
      0.9966666666666667,
      0.0
    ],
    [
      0.0,
      0.0031645569620253164,
      0.9961904761904762,
      0.0
    ],
    [
      0.0061214495592556315,
      0.0031645569620253164,
      0.9895238095238095,
      0.0
    ],
    [
      0.014201762977473066,
      0.0015822784810126582,
      0.9828571428571429,
      0.0
    ]
  ],
  "val_specificity": [
    [
      1.0,
      1.0,
      0.9993865030674847,
      0.00044014084507042255
    ],
    [
      1.0,
      1.0,
      0.12699386503067484,
      0.8782276995305164
    ],
    [
      1.0,
      1.0,
      0.0,
      1.0
    ],
    [
      1.0,
      0.9992135891789871,
      0.0010224948875255625,
      1.0
    ],
    [
      1.0,
      0.9959106637307329,
      0.00408997955010225,
      1.0
    ],
    [
      1.0,
      0.9957533815665304,
      0.004294478527607362,
      1.0
    ],
    [
      0.9948382656572609,
      0.9965397923875432,
      0.008588957055214725,
      1.0
    ],
    [
      0.9865794907088782,
      0.9966970745517458,
      0.016973415132924337,
      1.0
    ]
  ],
  "learning_rate": [
    2.97e-05,
    2.97e-05,
    2.97e-05,
    2.97e-05,
    2.97e-05,
    2.97e-05,
    2.97e-05,
    2.97e-05
  ],
  "learning_rate_dict": [
    {
      "cnn": 2.97e-05,
      "lstm": 2.15e-06,
      "fc": 2.97e-05
    },
    {
      "cnn": 2.97e-05,
      "lstm": 2.15e-06,
      "fc": 2.97e-05
    },
    {
      "cnn": 2.97e-05,
      "lstm": 2.15e-06,
      "fc": 2.97e-05
    },
    {
      "cnn": 2.97e-05,
      "lstm": 2.15e-06,
      "fc": 2.97e-05
    },
    {
      "cnn": 2.97e-05,
      "lstm": 2.15e-06,
      "fc": 2.97e-05
    },
    {
      "cnn": 2.97e-05,
      "lstm": 2.15e-06,
      "fc": 2.97e-05
    },
    {
      "cnn": 2.97e-05,
      "lstm": 2.15e-06,
      "fc": 2.97e-05
    },
    {
      "cnn": 2.97e-05,
      "lstm": 2.15e-06,
      "fc": 2.97e-05
    }
  ],
  "epochs_completed": 8,
  "best_epoch": 8,
  "best_val_f1": 0.1547289237370333,
  "stopped_early": false,
  "start_time": "2025-12-11T11:58:43.183352",
  "end_time": null
}