{
  "config": {},
  "train_loss": [
    1.3870383103688557,
    1.3749636435041241,
    1.3526692296944411,
    1.3150743059083527,
    1.2677051436667348,
    1.23831041653951,
    1.2045132225635005,
    1.1906302442737655,
    1.1762614308619033,
    1.181369241546182,
    1.1749595099804448,
    1.1630665320976108,
    1.1560810442064322,
    1.1566390196482341
  ],
  "train_acc": [
    0.5398031160375165,
    0.43012169599255873,
    0.2928455158514844,
    0.3094333772575769,
    0.2757150608479963,
    0.33408262925354626,
    0.28393147817998604,
    0.2872645531354159,
    0.28393147817998604,
    0.24850786760716223,
    0.2753274939927137,
    0.2857142857142857,
    0.28633439268273775,
    0.2920703821409193
  ],
  "val_loss": [
    1.3807737177068538,
    1.3686246004971592,
    1.3476567268371582,
    1.3104906624013728,
    1.3205778382041238,
    1.286762606013905,
    1.2488755746321245,
    1.2635979652404785,
    1.245175990191373,
    1.2384599555622449,
    1.2295241464268079,
    1.2326403585347263,
    1.228459444912997,
    1.228201844475486
  ],
  "val_acc": [
    0.47290462427745666,
    0.4804913294797688,
    0.2875722543352601,
    0.4526734104046243,
    0.2875722543352601,
    0.26264450867052025,
    0.3013005780346821,
    0.2810693641618497,
    0.24638728323699421,
    0.24313583815028902,
    0.24927745664739884,
    0.2554190751445087,
    0.24638728323699421,
    0.2630057803468208
  ],
  "val_f1": [
    0.3980933095722239,
    0.4280686510131055,
    0.3293794708050305,
    0.44774282219930245,
    0.32601824985931893,
    0.2887723604887618,
    0.35081168527766654,
    0.33011294488662446,
    0.2881886880447039,
    0.2828705025836483,
    0.2904132994930614,
    0.3009163237003829,
    0.2874760530720136,
    0.3038322614493897
  ],
  "val_auroc": [
    0.5211407133510187,
    0.5234185341572134,
    0.5233726599808995,
    0.5273330022483007,
    0.5202186045281165,
    0.526257546181514,
    0.5326427895485755,
    0.530449987202995,
    0.5316933982268212,
    0.5363651181119414,
    0.535677301061618,
    0.536366987257715,
    0.5357290271637329,
    0.5368116892778309
  ],
  "val_sensitivity": [
    [
      0.8003719776813392,
      0.0045045045045045045,
      0.0,
      0.3617021276595745
    ],
    [
      0.7737135771853689,
      0.13063063063063063,
      0.050790067720090294,
      0.1702127659574468
    ],
    [
      0.4296342219466832,
      0.10810810810810811,
      0.046275395033860044,
      0.8085106382978723
    ],
    [
      0.6565406075635462,
      0.08108108108108109,
      0.16591422121896163,
      0.6170212765957447
    ],
    [
      0.4228146311221327,
      0.17117117117117117,
      0.0417607223476298,
      0.8297872340425532
    ],
    [
      0.36205827650340977,
      0.4099099099099099,
      0.014672686230248307,
      0.8297872340425532
    ],
    [
      0.35523868567885925,
      0.3783783783783784,
      0.15914221218961624,
      0.7659574468085106
    ],
    [
      0.3521388716676999,
      0.35135135135135137,
      0.1038374717832957,
      0.851063829787234
    ],
    [
      0.29696218226906385,
      0.44144144144144143,
      0.0744920993227991,
      0.8297872340425532
    ],
    [
      0.2907625542467452,
      0.45045045045045046,
      0.07336343115124154,
      0.8297872340425532
    ],
    [
      0.29138251704897705,
      0.4594594594594595,
      0.08803611738148984,
      0.851063829787234
    ],
    [
      0.3031618102913825,
      0.40540540540540543,
      0.0981941309255079,
      0.8723404255319149
    ],
    [
      0.287042777433354,
      0.45045045045045046,
      0.08690744920993228,
      0.8936170212765957
    ],
    [
      0.3199008059516429,
      0.4369369369369369,
      0.08239277652370203,
      0.8936170212765957
    ]
  ],
  "val_specificity": [
    [
      0.22857142857142856,
      0.9972505891594659,
      1.0,
      0.7938257993384785
    ],
    [
      0.23722943722943723,
      0.9332285938727416,
      0.9378320935175345,
      0.9007717750826902
    ],
    [
      0.6043290043290044,
      0.950510604870385,
      0.9516471838469713,
      0.5229694965086366
    ],
    [
      0.39826839826839827,
      0.9560094265514533,
      0.8443145589798087,
      0.8474825431826535
    ],
    [
      0.6095238095238096,
      0.899057344854674,
      0.9601487778958555,
      0.5630282984196986
    ],
    [
      0.683982683982684,
      0.673605655930872,
      0.9787460148777896,
      0.7041528849687615
    ],
    [
      0.716017316017316,
      0.746268656716418,
      0.8549415515409139,
      0.7475192943770672
    ],
    [
      0.7116883116883117,
      0.746661429693637,
      0.9192348565356004,
      0.6839397280411613
    ],
    [
      0.7489177489177489,
      0.622152395915161,
      0.9436769394261424,
      0.7324513046674017
    ],
    [
      0.7489177489177489,
      0.6249018067556952,
      0.926673751328374,
      0.7383314957736127
    ],
    [
      0.7523809523809524,
      0.6327572663000786,
      0.9155154091392136,
      0.7434766629915472
    ],
    [
      0.7463203463203463,
      0.6555380989787902,
      0.9144527098831031,
      0.7317162807791253
    ],
    [
      0.7532467532467533,
      0.6304006284367636,
      0.922422954303932,
      0.7375964718853363
    ],
    [
      0.7281385281385281,
      0.6512175962293795,
      0.9319872476089267,
      0.739066519661889
    ]
  ],
  "learning_rate": [
    0.000707,
    0.000707,
    0.000707,
    0.000707,
    0.000707,
    0.000707,
    0.000707,
    0.0003535,
    0.0003535,
    0.0003535,
    0.00017675,
    0.00017675,
    0.00017675,
    8.8375e-05
  ],
  "learning_rate_dict": [
    {
      "cnn": 0.000707,
      "lstm": 6.03e-06,
      "fc": 0.000707
    },
    {
      "cnn": 0.000707,
      "lstm": 6.03e-06,
      "fc": 0.000707
    },
    {
      "cnn": 0.000707,
      "lstm": 6.03e-06,
      "fc": 0.000707
    },
    {
      "cnn": 0.000707,
      "lstm": 6.03e-06,
      "fc": 0.000707
    },
    {
      "cnn": 0.000707,
      "lstm": 6.03e-06,
      "fc": 0.000707
    },
    {
      "cnn": 0.000707,
      "lstm": 6.03e-06,
      "fc": 0.000707
    },
    {
      "cnn": 0.000707,
      "lstm": 6.03e-06,
      "fc": 0.000707
    },
    {
      "cnn": 0.0003535,
      "lstm": 3.015e-06,
      "fc": 0.0003535
    },
    {
      "cnn": 0.0003535,
      "lstm": 3.015e-06,
      "fc": 0.0003535
    },
    {
      "cnn": 0.0003535,
      "lstm": 3.015e-06,
      "fc": 0.0003535
    },
    {
      "cnn": 0.00017675,
      "lstm": 1.5075e-06,
      "fc": 0.00017675
    },
    {
      "cnn": 0.00017675,
      "lstm": 1.5075e-06,
      "fc": 0.00017675
    },
    {
      "cnn": 0.00017675,
      "lstm": 1.5075e-06,
      "fc": 0.00017675
    },
    {
      "cnn": 8.8375e-05,
      "lstm": 7.5375e-07,
      "fc": 8.8375e-05
    }
  ],
  "epochs_completed": 14,
  "best_epoch": 4,
  "best_val_f1": 0.44774282219930245,
  "stopped_early": true,
  "start_time": "2025-12-11T12:48:03.379347",
  "end_time": "2025-12-11T12:51:03.158590"
}