{
  "config": {},
  "train_loss": [
    1.4269790389750263,
    1.429904969907043,
    1.4406330904158036,
    1.450063166641953,
    1.4383004169062812,
    1.4171063773112722,
    1.4196894602610333,
    1.3891410988451232,
    1.3834240904243866,
    1.359824985413268,
    1.356452996187871,
    1.3582536560474057,
    1.3693248178109083
  ],
  "train_acc": [
    0.3764824432214557,
    0.3893496628168359,
    0.36508797767614914,
    0.4052399038834199,
    0.39872878071467327,
    0.38097821874273313,
    0.37190915432912175,
    0.3241609177583133,
    0.3434617471513836,
    0.3787303309820944,
    0.36004960855747614,
    0.3703588869079916,
    0.4005891016200295
  ],
  "val_loss": [
    1.3660490252505775,
    1.4049462655494953,
    1.3953614015688842,
    1.3860226444814396,
    1.3914520096504825,
    1.336516135040371,
    1.3384312692729907,
    1.3426344497450466,
    1.2935564415208225,
    1.3096335934496475,
    1.3094359581497894,
    1.306613662462125,
    1.3091745917824493
  ],
  "val_acc": [
    0.35260115606936415,
    0.2810693641618497,
    0.5021676300578035,
    0.3995664739884393,
    0.21820809248554912,
    0.2817919075144509,
    0.3276734104046243,
    0.21640173410404626,
    0.3988439306358382,
    0.3500722543352601,
    0.2922687861271676,
    0.40101156069364163,
    0.35513005780346824
  ],
  "val_f1": [
    0.3848382604908788,
    0.2167887580546513,
    0.45228625486254137,
    0.41434043790853536,
    0.16599300569724937,
    0.2552476731528155,
    0.3651549015077461,
    0.17168145477600177,
    0.4237392506007116,
    0.3744653365583083,
    0.20170015577558129,
    0.40978472431880497,
    0.39030013224546667
  ],
  "val_auroc": [
    0.5135511000619957,
    0.5118778111002903,
    0.5066490882748569,
    0.5053340961179283,
    0.504400137189038,
    0.5157265087111812,
    0.5179663331137991,
    0.518441625163337,
    0.5126125104321114,
    0.5184803594790804,
    0.5208424218651764,
    0.5184461971041713,
    0.519902923578804
  ],
  "val_sensitivity": [
    [
      0.3614383137011779,
      0.3153153153153153,
      0.36455981941309257,
      0.0
    ],
    [
      0.06695598264104154,
      0.18468468468468469,
      0.7099322799097065,
      0.0
    ],
    [
      0.7848729076255425,
      0.14414414414414414,
      0.1038374717832957,
      0.0
    ],
    [
      0.555486670799752,
      0.32432432432432434,
      0.15575620767494355,
      0.0
    ],
    [
      0.027898326100433975,
      0.40540540540540543,
      0.5293453724604966,
      0.0
    ],
    [
      0.11407315561066336,
      0.2747747747747748,
      0.5993227990970654,
      0.0851063829787234
    ],
    [
      0.3341599504029758,
      0.36486486486486486,
      0.31376975169300225,
      0.19148936170212766
    ],
    [
      0.032238065716057036,
      0.4009009009009009,
      0.5067720090293454,
      0.19148936170212766
    ],
    [
      0.47427154370737756,
      0.1981981981981982,
      0.3194130925507901,
      0.2553191489361702
    ],
    [
      0.3273403595784253,
      0.24324324324324326,
      0.42663656884875845,
      0.19148936170212766
    ],
    [
      0.03905765654060756,
      0.1981981981981982,
      0.7821670428893905,
      0.19148936170212766
    ],
    [
      0.4221946683199008,
      0.09009009009009009,
      0.45146726862302483,
      0.19148936170212766
    ],
    [
      0.39615623062616245,
      0.3063063063063063,
      0.3013544018058691,
      0.19148936170212766
    ]
  ],
  "val_specificity": [
    [
      0.6675324675324675,
      0.7058130400628436,
      0.6498405951115834,
      1.0
    ],
    [
      0.9238095238095239,
      0.7977219167321288,
      0.2630180658873539,
      1.0
    ],
    [
      0.23203463203463204,
      0.8703849175176748,
      0.9144527098831031,
      1.0
    ],
    [
      0.47619047619047616,
      0.6904948939512962,
      0.8570669500531349,
      1.0
    ],
    [
      0.9809523809523809,
      0.5746268656716418,
      0.43783209351753455,
      0.9996324880558618
    ],
    [
      0.8883116883116883,
      0.7368421052631579,
      0.3841657810839532,
      0.9889746416758545
    ],
    [
      0.69004329004329,
      0.6767478397486253,
      0.6838469713071201,
      0.9687614847482543
    ],
    [
      0.9757575757575757,
      0.5934799685781619,
      0.4723698193411265,
      0.9584711503123852
    ],
    [
      0.5645021645021645,
      0.8350353495679497,
      0.6758767268862912,
      0.9518559353178978
    ],
    [
      0.6822510822510822,
      0.7953652788688138,
      0.5648246546227418,
      0.966188901139287
    ],
    [
      0.9645021645021645,
      0.8589945011783189,
      0.21944739638682254,
      0.9669239250275634
    ],
    [
      0.548051948051948,
      0.9269442262372348,
      0.5292242295430393,
      0.9764792355751561
    ],
    [
      0.6216450216450217,
      0.718381775333857,
      0.7066950053134963,
      0.9709665564130834
    ]
  ],
  "learning_rate": [
    0.0006,
    0.0006,
    0.0006,
    0.0006,
    0.0006,
    0.0006,
    0.0003,
    0.0003,
    0.0003,
    0.00015,
    0.00015,
    0.00015,
    7.5e-05
  ],
  "learning_rate_dict": [
    {
      "cnn": 0.0006,
      "lstm": 2.77e-05,
      "layer_norm": 0.0006,
      "fc": 0.0006
    },
    {
      "cnn": 0.0006,
      "lstm": 2.77e-05,
      "layer_norm": 0.0006,
      "fc": 0.0006
    },
    {
      "cnn": 0.0006,
      "lstm": 2.77e-05,
      "layer_norm": 0.0006,
      "fc": 0.0006
    },
    {
      "cnn": 0.0006,
      "lstm": 2.77e-05,
      "layer_norm": 0.0006,
      "fc": 0.0006
    },
    {
      "cnn": 0.0006,
      "lstm": 2.77e-05,
      "layer_norm": 0.0006,
      "fc": 0.0006
    },
    {
      "cnn": 0.0006,
      "lstm": 2.77e-05,
      "layer_norm": 0.0006,
      "fc": 0.0006
    },
    {
      "cnn": 0.0003,
      "lstm": 1.385e-05,
      "layer_norm": 0.0003,
      "fc": 0.0003
    },
    {
      "cnn": 0.0003,
      "lstm": 1.385e-05,
      "layer_norm": 0.0003,
      "fc": 0.0003
    },
    {
      "cnn": 0.0003,
      "lstm": 1.385e-05,
      "layer_norm": 0.0003,
      "fc": 0.0003
    },
    {
      "cnn": 0.00015,
      "lstm": 6.925e-06,
      "layer_norm": 0.00015,
      "fc": 0.00015
    },
    {
      "cnn": 0.00015,
      "lstm": 6.925e-06,
      "layer_norm": 0.00015,
      "fc": 0.00015
    },
    {
      "cnn": 0.00015,
      "lstm": 6.925e-06,
      "layer_norm": 0.00015,
      "fc": 0.00015
    },
    {
      "cnn": 7.5e-05,
      "lstm": 3.4625e-06,
      "layer_norm": 7.5e-05,
      "fc": 7.5e-05
    }
  ],
  "epochs_completed": 13,
  "best_epoch": 3,
  "best_val_f1": 0.45228625486254137,
  "stopped_early": true,
  "start_time": "2025-12-11T12:27:22.660013",
  "end_time": "2025-12-11T12:33:57.999821"
}