{
  "config": {},
  "train_loss": [
    1.383067369756132,
    1.3795615195637883,
    1.3754685701120017,
    1.3747206613568976,
    1.3669033847232857,
    1.3669253688047427,
    1.3617221718967552,
    1.3796108453580649,
    1.376736687256558
  ],
  "train_acc": [
    0.3398961320827843,
    0.46996356871560346,
    0.45500348810169755,
    0.4298116425083327,
    0.41384388807069217,
    0.42105263157894735,
    0.3969459731803736,
    0.3949306255329044,
    0.38291605301914583
  ],
  "val_loss": [
    1.37059865326717,
    1.3619111433796498,
    1.3575423942215141,
    1.3529746340609146,
    1.3478384566033024,
    1.3397256807349194,
    1.3192592818161537,
    1.3127078489325512,
    1.311179874957293
  ],
  "val_acc": [
    0.5827312138728323,
    0.5809248554913294,
    0.5809248554913294,
    0.576228323699422,
    0.5744219653179191,
    0.5516618497109826,
    0.5635838150289018,
    0.553106936416185,
    0.5444364161849711
  ],
  "val_f1": [
    0.42910086645828743,
    0.4288475020171691,
    0.4289456589185235,
    0.42723800787274996,
    0.42638869307768223,
    0.42297051741108027,
    0.42416295396647863,
    0.42214445711605614,
    0.4218699080465291
  ],
  "val_auroc": [
    0.5137763490956178,
    0.5127836391630264,
    0.5147623026404827,
    0.5106700102060017,
    0.5090443475772334,
    0.5102769990644287,
    0.511414993129876,
    0.5125567441973218,
    0.5124032770568461
  ],
  "val_sensitivity": [
    [
      1.0,
      0.0,
      0.0,
      0.0
    ],
    [
      0.9969001859888407,
      0.0,
      0.0,
      0.0
    ],
    [
      0.9969001859888407,
      0.0,
      0.0,
      0.0
    ],
    [
      0.9888406695598264,
      0.0,
      0.0,
      0.0
    ],
    [
      0.9857408555486671,
      0.0,
      0.0,
      0.0
    ],
    [
      0.9404835709857409,
      0.04504504504504504,
      0.0,
      0.0
    ],
    [
      0.9652820830750155,
      0.013513513513513514,
      0.0,
      0.0
    ],
    [
      0.9454432734035958,
      0.02702702702702703,
      0.0,
      0.0
    ],
    [
      0.9268443893366398,
      0.05405405405405406,
      0.0,
      0.0
    ]
  ],
  "val_specificity": [
    [
      0.0,
      1.0,
      1.0,
      1.0
    ],
    [
      0.005194805194805195,
      0.9956794972505891,
      1.0,
      1.0
    ],
    [
      0.006060606060606061,
      0.99528672427337,
      1.0,
      1.0
    ],
    [
      0.01038961038961039,
      0.9882168106834249,
      1.0,
      1.0
    ],
    [
      0.01038961038961039,
      0.9862529457973291,
      1.0,
      1.0
    ],
    [
      0.05454545454545454,
      0.941476826394344,
      1.0,
      1.0
    ],
    [
      0.02683982683982684,
      0.9677926158680282,
      1.0,
      0.9992649761117236
    ],
    [
      0.048484848484848485,
      0.9477611940298507,
      1.0,
      0.9981624402793091
    ],
    [
      0.0735930735930736,
      0.9355852317360566,
      1.0,
      0.9900771775082691
    ]
  ],
  "learning_rate": [
    0.000118,
    0.000118,
    0.000118,
    0.000118,
    5.9e-05,
    5.9e-05,
    5.9e-05,
    2.95e-05,
    2.95e-05
  ],
  "learning_rate_dict": [
    {
      "cnn": 0.000118,
      "lstm": 3.96e-05,
      "fc": 0.000118
    },
    {
      "cnn": 0.000118,
      "lstm": 3.96e-05,
      "fc": 0.000118
    },
    {
      "cnn": 0.000118,
      "lstm": 3.96e-05,
      "fc": 0.000118
    },
    {
      "cnn": 0.000118,
      "lstm": 3.96e-05,
      "fc": 0.000118
    },
    {
      "cnn": 5.9e-05,
      "lstm": 1.98e-05,
      "fc": 5.9e-05
    },
    {
      "cnn": 5.9e-05,
      "lstm": 1.98e-05,
      "fc": 5.9e-05
    },
    {
      "cnn": 5.9e-05,
      "lstm": 1.98e-05,
      "fc": 5.9e-05
    },
    {
      "cnn": 2.95e-05,
      "lstm": 9.9e-06,
      "fc": 2.95e-05
    },
    {
      "cnn": 2.95e-05,
      "lstm": 9.9e-06,
      "fc": 2.95e-05
    }
  ],
  "epochs_completed": 9,
  "best_epoch": 1,
  "best_val_f1": 0.42910086645828743,
  "stopped_early": false,
  "start_time": "2025-12-11T11:58:49.943685",
  "end_time": null
}