{
  "config": {},
  "train_loss": [
    1.3760206399069035,
    1.3622618118921916,
    1.3384951375595793,
    1.3123585260295139,
    1.2990432045666742,
    1.2753650023494278,
    1.2399307261219017,
    1.2191925336796585,
    1.2153342986932705,
    1.2045564300779068,
    1.1970396461488961,
    1.1939589332418832,
    1.1887657136542809,
    1.1854700503508036
  ],
  "train_acc": [
    0.5759847004063955,
    0.5341639362704428,
    0.4887432677569502,
    0.4589737460098716,
    0.45566914628830174,
    0.42796675713301363,
    0.41843263538312264,
    0.41427024594659206,
    0.4113312615133661,
    0.41840451113017313,
    0.4183623247507488,
    0.4185873187743451,
    0.4189388719362142,
    0.42691209764740623
  ],
  "val_loss": [
    1.3318816595857248,
    1.3117057209994558,
    1.2811908714426388,
    1.238560384174563,
    1.2094466195166487,
    1.2023740568875767,
    1.2085167525699303,
    1.2060252488659113,
    1.2063407904821872,
    1.2061551440374407,
    1.21687935189631,
    1.2146209824822485,
    1.213883394027906,
    1.217769328403273
  ],
  "val_acc": [
    0.5717468221727166,
    0.5438998820600184,
    0.48453675796094875,
    0.47516708164067617,
    0.47038396016249506,
    0.41600052417769623,
    0.41383829118071025,
    0.4066963700694535,
    0.3935919276634779,
    0.4040099593762285,
    0.3797012187131438,
    0.38966059494168526,
    0.39948892674616693,
    0.38992268378980477
  ],
  "val_f1": [
    0.4289967793077305,
    0.4436420841334964,
    0.43715440572667447,
    0.4504849029940791,
    0.44674692619852563,
    0.42413245599618155,
    0.4037251374156813,
    0.4127818835754682,
    0.41288967564711726,
    0.41949254799536495,
    0.4021775231028942,
    0.4132154320603654,
    0.42137405502734887,
    0.414235612825311
  ],
  "val_auroc": [
    0.5322750345429367,
    0.5332934407963265,
    0.5341740858157054,
    0.5423601858830006,
    0.5513963702808989,
    0.5520635942395645,
    0.5545747201872119,
    0.5567131481037138,
    0.5587464196624549,
    0.5608057294801132,
    0.5609054981661856,
    0.5626843308346269,
    0.5627595983500694,
    0.56362667329865
  ],
  "val_sensitivity": [
    [
      0.9797831488592726,
      0.03353204172876304,
      0.0012631578947368421,
      0.0
    ],
    [
      0.9016263835554552,
      0.10283159463487332,
      0.03536842105263158,
      0.0379746835443038
    ],
    [
      0.7636096679466907,
      0.13114754098360656,
      0.07431578947368421,
      0.3322784810126582
    ],
    [
      0.6988931556358708,
      0.2719821162444113,
      0.12084210526315789,
      0.39556962025316456
    ],
    [
      0.6883894285068896,
      0.3450074515648286,
      0.10147368421052631,
      0.439873417721519
    ],
    [
      0.5652812288231308,
      0.36140089418777943,
      0.13557894736842105,
      0.680379746835443
    ],
    [
      0.5999548226790151,
      0.37779433681073027,
      0.05473684210526316,
      0.75
    ],
    [
      0.5622317596566524,
      0.38077496274217587,
      0.10021052631578947,
      0.7658227848101266
    ],
    [
      0.5140049695053084,
      0.3949329359165425,
      0.14273684210526316,
      0.7848101265822784
    ],
    [
      0.5397560424666817,
      0.37183308494783907,
      0.13431578947368422,
      0.7911392405063291
    ],
    [
      0.48983510277840525,
      0.42995529061102833,
      0.13263157894736843,
      0.7943037974683544
    ],
    [
      0.49807996385814324,
      0.4120715350223547,
      0.1543157894736842,
      0.7943037974683544
    ],
    [
      0.5208945109555003,
      0.36661698956780925,
      0.15473684210526314,
      0.8164556962025317
    ],
    [
      0.4984187937655297,
      0.4076005961251863,
      0.1543157894736842,
      0.8164556962025317
    ]
  ],
  "val_specificity": [
    [
      0.026217228464419477,
      0.9799568965517241,
      0.998382800608828,
      1.0
    ],
    [
      0.12203495630461923,
      0.9380747126436781,
      0.965658295281583,
      0.9925063562157099
    ],
    [
      0.2557740324594257,
      0.9270833333333334,
      0.930079908675799,
      0.9098086444533654
    ],
    [
      0.35159176029962547,
      0.8640086206896552,
      0.8768074581430746,
      0.9553726749632009
    ],
    [
      0.38607990012484394,
      0.8288793103448275,
      0.9033485540334856,
      0.9497524421249832
    ],
    [
      0.5109238451935081,
      0.8127155172413794,
      0.8707191780821918,
      0.8786966412418038
    ],
    [
      0.47237827715355807,
      0.8104885057471264,
      0.951103500761035,
      0.838552120968821
    ],
    [
      0.514669163545568,
      0.8147988505747127,
      0.9130517503805176,
      0.835875819617289
    ],
    [
      0.5639825218476904,
      0.8123563218390805,
      0.877568493150685,
      0.8285828984343637
    ],
    [
      0.5418227215980025,
      0.830962643678161,
      0.8901255707762558,
      0.8225612203934163
    ],
    [
      0.5894194756554307,
      0.7936781609195402,
      0.888603500761035,
      0.8131272581292653
    ],
    [
      0.58645443196005,
      0.8135057471264368,
      0.8726217656012176,
      0.8173424327579285
    ],
    [
      0.5660112359550562,
      0.844683908045977,
      0.875,
      0.8054328917436103
    ],
    [
      0.5881710362047441,
      0.8213362068965517,
      0.8762366818873668,
      0.8070386725545297
    ]
  ],
  "learning_rate": [
    1.42e-05,
    1.42e-05,
    1.42e-05,
    1.42e-05,
    1.42e-05,
    1.42e-05,
    1.42e-05,
    7.1e-06,
    7.1e-06,
    7.1e-06,
    3.55e-06,
    3.55e-06,
    3.55e-06,
    1.775e-06
  ],
  "learning_rate_dict": [
    {
      "cnn": 1.42e-05,
      "lstm": 2.19e-06,
      "fc": 1.42e-05
    },
    {
      "cnn": 1.42e-05,
      "lstm": 2.19e-06,
      "fc": 1.42e-05
    },
    {
      "cnn": 1.42e-05,
      "lstm": 2.19e-06,
      "fc": 1.42e-05
    },
    {
      "cnn": 1.42e-05,
      "lstm": 2.19e-06,
      "fc": 1.42e-05
    },
    {
      "cnn": 1.42e-05,
      "lstm": 2.19e-06,
      "fc": 1.42e-05
    },
    {
      "cnn": 1.42e-05,
      "lstm": 2.19e-06,
      "fc": 1.42e-05
    },
    {
      "cnn": 1.42e-05,
      "lstm": 2.19e-06,
      "fc": 1.42e-05
    },
    {
      "cnn": 7.1e-06,
      "lstm": 1.095e-06,
      "fc": 7.1e-06
    },
    {
      "cnn": 7.1e-06,
      "lstm": 1.095e-06,
      "fc": 7.1e-06
    },
    {
      "cnn": 7.1e-06,
      "lstm": 1.095e-06,
      "fc": 7.1e-06
    },
    {
      "cnn": 3.55e-06,
      "lstm": 5.475e-07,
      "fc": 3.55e-06
    },
    {
      "cnn": 3.55e-06,
      "lstm": 5.475e-07,
      "fc": 3.55e-06
    },
    {
      "cnn": 3.55e-06,
      "lstm": 5.475e-07,
      "fc": 3.55e-06
    },
    {
      "cnn": 1.775e-06,
      "lstm": 2.7375e-07,
      "fc": 1.775e-06
    }
  ],
  "epochs_completed": 14,
  "best_epoch": 4,
  "best_val_f1": 0.4504849029940791,
  "stopped_early": true,
  "start_time": "2025-12-10T23:24:12.107784",
  "end_time": "2025-12-10T23:29:08.933712"
}