{
  "config": {},
  "train_loss": [
    1.4019558630367317,
    1.3863309574599314,
    1.389156663771903,
    1.3890849694167033,
    1.3825374617434965,
    1.378657352806318,
    1.3781610349617381,
    1.3742365695462369,
    1.365083909270787,
    1.36034890330664,
    1.363077973375226,
    1.3514745979025813,
    1.3520101426851632,
    1.3567298686150278,
    1.347665797365774,
    1.3508047809695254,
    1.346583610714072,
    1.3436651076420698,
    1.3427828656564844,
    1.3471336813256292,
    1.3394832304208586
  ],
  "train_acc": [
    0.3081156499496163,
    0.33020696070072086,
    0.2995891791334005,
    0.32857917990853425,
    0.34067126579334933,
    0.2867219595380203,
    0.2761026277032788,
    0.3112936981629331,
    0.2940857297883885,
    0.2943957832726145,
    0.27649019455856133,
    0.27641268118750484,
    0.2768777614138439,
    0.27393225331369664,
    0.28625687931168126,
    0.2920703821409193,
    0.27742035501123946,
    0.2682737772265716,
    0.2608324936051469,
    0.2599798465235253,
    0.26726610340283696
  ],
  "val_loss": [
    1.3740102757107129,
    1.3739912943406538,
    1.3740302432667126,
    1.3723144422877918,
    1.366938758980144,
    1.3633977391503074,
    1.3620456132021816,
    1.3575810464945706,
    1.3605513897809116,
    1.3592897165905347,
    1.3542633598501033,
    1.3527763214978306,
    1.3502399108626626,
    1.3500196175141768,
    1.3514626947316257,
    1.3483745022253557,
    1.3479679118503223,
    1.3457034555348484,
    1.344375268979506,
    1.3438966165889392,
    1.3441106947985562
  ],
  "val_acc": [
    0.30960982658959535,
    0.3511560693641618,
    0.3504335260115607,
    0.28648843930635837,
    0.44653179190751446,
    0.3554913294797688,
    0.3106936416184971,
    0.309971098265896,
    0.375,
    0.35802023121387283,
    0.34898843930635837,
    0.3565751445086705,
    0.33851156069364163,
    0.3815028901734104,
    0.430635838150289,
    0.3663294797687861,
    0.35946531791907516,
    0.3511560693641618,
    0.33164739884393063,
    0.3247832369942196,
    0.31828034682080925
  ],
  "val_f1": [
    0.20942224321389996,
    0.3539113489416362,
    0.3671396623756916,
    0.34102150359937544,
    0.4073117852349547,
    0.3838004754986991,
    0.3496795830945751,
    0.34751978385111004,
    0.39941239533687223,
    0.3922827983560878,
    0.3913584862098629,
    0.3957148720512181,
    0.38106034100966957,
    0.4139427896752316,
    0.4422937211604407,
    0.4031006378613301,
    0.396654337686907,
    0.390969303829734,
    0.3759256919875284,
    0.36791417784127084,
    0.3555989145642962
  ],
  "val_auroc": [
    0.510267599256689,
    0.5112178492442121,
    0.509903312463214,
    0.5101562306640939,
    0.5167882880715746,
    0.5143820048258542,
    0.5138709178133126,
    0.514120265735458,
    0.5148013935638547,
    0.5145279091337497,
    0.515444388225332,
    0.5152344822508356,
    0.5156180178311615,
    0.5162494748173699,
    0.5158752182951973,
    0.5159877254022646,
    0.5155831150988162,
    0.5159727751617091,
    0.5161726092857537,
    0.516246769779038,
    0.5163325465233579
  ],
  "val_sensitivity": [
    [
      0.05145691258524489,
      0.09009009009009009,
      0.8510158013544018,
      0.0
    ],
    [
      0.26038437693738375,
      0.23873873873873874,
      0.5632054176072234,
      0.0
    ],
    [
      0.5486670799752015,
      0.07657657657657657,
      0.05304740406320542,
      0.44680851063829785
    ],
    [
      0.3292002479851209,
      0.20270270270270271,
      0.2200902934537246,
      0.46808510638297873
    ],
    [
      0.7141971481711097,
      0.1981981981981982,
      0.033860045146726865,
      0.2127659574468085
    ],
    [
      0.5151890886546807,
      0.21621621621621623,
      0.09593679458239278,
      0.425531914893617
    ],
    [
      0.4426534407935524,
      0.24774774774774774,
      0.07562076749435666,
      0.5106382978723404
    ],
    [
      0.27526348419094854,
      0.21171171171171171,
      0.3984198645598194,
      0.2978723404255319
    ],
    [
      0.3794172349659021,
      0.22522522522522523,
      0.4187358916478555,
      0.10638297872340426
    ],
    [
      0.38003719776813394,
      0.22072072072072071,
      0.35891647855530473,
      0.23404255319148937
    ],
    [
      0.44513329200247986,
      0.21171171171171171,
      0.208803611738149,
      0.3404255319148936
    ],
    [
      0.4823310601363918,
      0.21171171171171171,
      0.16478555304740405,
      0.3404255319148936
    ],
    [
      0.44017358958462494,
      0.1891891891891892,
      0.18623024830699775,
      0.425531914893617
    ],
    [
      0.513949163050217,
      0.18468468468468469,
      0.19187358916478556,
      0.3404255319148936
    ],
    [
      0.6168629882207067,
      0.17567567567567569,
      0.16478555304740405,
      0.2553191489361702
    ],
    [
      0.44575325480471173,
      0.1891891891891892,
      0.2708803611738149,
      0.2765957446808511
    ],
    [
      0.4463732176069436,
      0.19369369369369369,
      0.24379232505643342,
      0.3404255319148936
    ],
    [
      0.4407935523868568,
      0.2072072072072072,
      0.22121896162528218,
      0.40425531914893614
    ],
    [
      0.384376937383757,
      0.21621621621621623,
      0.2595936794582393,
      0.425531914893617
    ],
    [
      0.3521388716676999,
      0.20270270270270271,
      0.3058690744920993,
      0.3191489361702128
    ],
    [
      0.3013019218846869,
      0.2072072072072072,
      0.37697516930022573,
      0.3191489361702128
    ]
  ],