{
  "config": {},
  "train_loss": [
    1.3877159758369522,
    1.3868968817267087,
    1.3868582284096445,
    1.3873531145624596,
    1.3866652049640618,
    1.3861184155586923,
    1.386166495851951,
    1.386174454547391,
    1.3866180665422194,
    1.3859621640479212,
    1.3855387243894066
  ],
  "train_acc": [
    0.08642740872800558,
    0.08673746221223161,
    0.08681497558328811,
    0.08704751569645763,
    0.08751259592279668,
    0.08759010929385319,
    0.08852026974653128,
    0.0888303232307573,
    0.08914037671498333,
    0.08890783660181381,
    0.08898534997287032
  ],
  "val_loss": [
    1.3866782134229487,
    1.386417491869493,
    1.3861152204600247,
    1.385882480577989,
    1.3857300010594455,
    1.38560058853843,
    1.385464072227478,
    1.385408347303217,
    1.385345995426178,
    1.3852921507575295,
    1.3852554884823887
  ],
  "val_acc": [
    0.08020231213872832,
    0.08020231213872832,
    0.08020231213872832,
    0.08020231213872832,
    0.08020231213872832,
    0.08020231213872832,
    0.08020231213872832,
    0.08020231213872832,
    0.08020231213872832,
    0.08020231213872832,
    0.08020231213872832
  ],
  "val_f1": [
    0.011909640999864673,
    0.011909640999864673,
    0.011909640999864673,
    0.011909640999864673,
    0.011909640999864673,
    0.011909640999864673,
    0.011909640999864673,
    0.011909640999864673,
    0.011909640999864673,
    0.011909640999864673,
    0.011909640999864673
  ],
  "val_auroc": [
    0.4990167616345012,
    0.5011433624822932,
    0.5032595207120537,
    0.5030659796257664,
    0.5039726066873332,
    0.5047608858524583,
    0.504950174755287,
    0.5051358813807829,
    0.5055176831670285,
    0.5059113189361721,
    0.5059655107401264
  ],
  "val_sensitivity": [
    [
      0.0,
      1.0,
      0.0,
      0.0
    ],
    [
      0.0,
      1.0,
      0.0,
      0.0
    ],
    [
      0.0,
      1.0,
      0.0,
      0.0
    ],
    [
      0.0,
      1.0,
      0.0,
      0.0
    ],
    [
      0.0,
      1.0,
      0.0,
      0.0
    ],
    [
      0.0,
      1.0,
      0.0,
      0.0
    ],
    [
      0.0,
      1.0,
      0.0,
      0.0
    ],
    [
      0.0,
      1.0,
      0.0,
      0.0
    ],
    [
      0.0,
      1.0,
      0.0,
      0.0
    ],
    [
      0.0,
      1.0,
      0.0,
      0.0
    ],
    [
      0.0,
      1.0,
      0.0,
      0.0
    ]
  ],
  "val_specificity": [
    [
      1.0,
      0.0,
      1.0,
      1.0
    ],
    [
      1.0,
      0.0,
      1.0,
      1.0
    ],
    [
      1.0,
      0.0,
      1.0,
      1.0
    ],
    [
      1.0,
      0.0,
      1.0,
      1.0
    ],
    [
      1.0,
      0.0,
      1.0,
      1.0
    ],
    [
      1.0,
      0.0,
      1.0,
      1.0
    ],
    [
      1.0,
      0.0,
      1.0,
      1.0
    ],
    [
      1.0,
      0.0,
      1.0,
      1.0
    ],
    [
      1.0,
      0.0,
      1.0,
      1.0
    ],
    [
      1.0,
      0.0,
      1.0,
      1.0
    ],
    [
      1.0,
      0.0,
      1.0,
      1.0
    ]
  ],
  "learning_rate": [
    1.71e-05,
    1.71e-05,
    1.71e-05,
    1.71e-05,
    8.55e-06,
    8.55e-06,
    8.55e-06,
    4.275e-06,
    4.275e-06,
    4.275e-06,
    2.1375e-06
  ],
  "learning_rate_dict": [
    {
      "cnn": 1.71e-05,
      "lstm": 2.72e-06,
      "fc": 1.71e-05
    },
    {
      "cnn": 1.71e-05,
      "lstm": 2.72e-06,
      "fc": 1.71e-05
    },
    {
      "cnn": 1.71e-05,
      "lstm": 2.72e-06,
      "fc": 1.71e-05
    },
    {
      "cnn": 1.71e-05,
      "lstm": 2.72e-06,
      "fc": 1.71e-05
    },
    {
      "cnn": 8.55e-06,
      "lstm": 1.36e-06,
      "fc": 8.55e-06
    },
    {
      "cnn": 8.55e-06,
      "lstm": 1.36e-06,
      "fc": 8.55e-06
    },
    {
      "cnn": 8.55e-06,
      "lstm": 1.36e-06,
      "fc": 8.55e-06
    },
    {
      "cnn": 4.275e-06,
      "lstm": 6.8e-07,
      "fc": 4.275e-06
    },
    {
      "cnn": 4.275e-06,
      "lstm": 6.8e-07,
      "fc": 4.275e-06
    },
    {
      "cnn": 4.275e-06,
      "lstm": 6.8e-07,
      "fc": 4.275e-06
    },
    {
      "cnn": 2.1375e-06,
      "lstm": 3.4e-07,
      "fc": 2.1375e-06
    }
  ],
  "epochs_completed": 11,
  "best_epoch": 1,
  "best_val_f1": 0.011909640999864673,
  "stopped_early": true,
  "start_time": "2025-12-11T02:34:00.139955",
  "end_time": "2025-12-11T02:43:19.649859"
}