{
  "config": {},
  "train_loss": [
    1.37934536813832,
    1.3363141479680865,
    1.3104091325252176,
    1.295407527213474,
    1.2728218899356376,
    1.269446012463501,
    1.26447383598458,
    1.2533227025176124,
    1.2482803215225824,
    1.2426447440608799,
    1.2444667657502264
  ],
  "train_acc": [
    0.3436221225373701,
    0.2760536048261218,
    0.2601212155302125,
    0.24345759565761535,
    0.23293912505449074,
    0.24965899343298695,
    0.2530901522928297,
    0.23025325889781054,
    0.26180867070718433,
    0.24745123957644874,
    0.2426138680691294
  ],
  "val_loss": [
    1.3686453501383464,
    1.3640166908502578,
    1.3543977722525598,
    1.29323487530152,
    1.3073209951321283,
    1.2903430372476579,
    1.3258102009693782,
    1.3003712927301725,
    1.2913659120599428,
    1.2985787471135457,
    1.2972091128428778
  ],
  "val_acc": [
    0.24433232865941554,
    0.16491940767920324,
    0.1638710522867252,
    0.2307037085572009,
    0.20501900144148866,
    0.18116891626261303,
    0.1527977984536758,
    0.2282793867120954,
    0.2261826759271393,
    0.2105883894640283,
    0.20285676844450268
  ],
  "val_f1": [
    0.27805697257153517,
    0.19574065174841698,
    0.19023314724065704,
    0.26858147457639686,
    0.22576093608174513,
    0.13851723583781056,
    0.11621219518985977,
    0.2621253355455056,
    0.2573206576538364,
    0.24060847926608753,
    0.22931364638034574
  ],
  "val_auroc": [
    0.5166162198267471,
    0.5197447011478268,
    0.519329701316374,
    0.5206546823905478,
    0.522159131315726,
    0.5195169502367083,
    0.5209272919415647,
    0.5220707599400456,
    0.523426177370918,
    0.5233647559249085,
    0.5248274558839742
  ],
  "val_sensitivity": [
    [
      0.3720352383103682,
      0.12444113263785395,
      0.0,
      0.8481012658227848
    ],
    [
      0.09701829681499886,
      0.2414307004470939,
      0.22147368421052632,
      0.8924050632911392
    ],
    [
      0.09893833295685565,
      0.36438152011922503,
      0.1823157894736842,
      0.8544303797468354
    ],
    [
      0.20950982606731422,
      0.485096870342772,
      0.16421052631578947,
      0.7436708860759493
    ],
    [
      0.11621865823356675,
      0.4210134128166915,
      0.26821052631578945,
      0.8259493670886076
    ],
    [
      0.008696634289586627,
      0.4672131147540984,
      0.38273684210526315,
      0.7689873417721519
    ],
    [
      0.00045177320984865596,
      0.49850968703427717,
      0.2909473684210526,
      0.8765822784810127
    ],
    [
      0.24813643550937428,
      0.48956780923994037,
      0.07684210526315789,
      0.8386075949367089
    ],
    [
      0.24192455387395528,
      0.5268256333830105,
      0.0711578947368421,
      0.8386075949367089
    ],
    [
      0.18014456742715157,
      0.5380029806259314,
      0.13347368421052633,
      0.8322784810126582
    ],
    [
      0.14784278292297268,
      0.5312965722801788,
      0.1696842105263158,
      0.8481012658227848
    ]
  ],
  "val_specificity": [
    [
      0.6519975031210986,
      0.9160201149425288,
      1.0,
      0.45577412016593066
    ],
    [
      0.9233770287141073,
      0.8367097701149425,
      0.7942351598173516,
      0.47691690084303495
    ],
    [
      0.9244694132334582,
      0.7296695402298851,
      0.8398021308980214,
      0.5430215442258798
    ],
    [
      0.8166354556803995,
      0.6451867816091954,
      0.8554033485540334,
      0.7252107587314331
    ],
    [
      0.9126092384519351,
      0.6911637931034482,
      0.7655060882800608,
      0.6782416700120434
    ],
    [
      0.994538077403246,
      0.665948275862069,
      0.6436453576864536,
      0.7279539676167537
    ],
    [
      0.9992197253433208,
      0.6544540229885057,
      0.7353500761035008,
      0.6431821223069718
    ],
    [
      0.7794943820224719,
      0.6542385057471264,
      0.9266552511415526,
      0.6801150809581159
    ],
    [
      0.7896379525593009,
      0.6298850574712643,
      0.9375,
      0.6886792452830188
    ],
    [
      0.8459737827715356,
      0.6110632183908046,
      0.8825152207001522,
      0.7048039609260003
    ],
    [
      0.8798377028714107,
      0.6219827586206896,
      0.8575913242009132,
      0.6897497658236318
    ]
  ],
  "learning_rate": [
    0.000687,
    0.000687,
    0.000687,
    0.000687,
    0.0003435,
    0.0003435,
    0.0003435,
    0.00017175,
    0.00017175,
    0.00017175,
    8.5875e-05
  ],
  "learning_rate_dict": [
    {
      "cnn": 0.000687,
      "lstm": 3.91e-06,
      "fc": 0.000687
    },
    {
      "cnn": 0.000687,
      "lstm": 3.91e-06,
      "fc": 0.000687
    },
    {
      "cnn": 0.000687,
      "lstm": 3.91e-06,
      "fc": 0.000687
    },
    {
      "cnn": 0.000687,
      "lstm": 3.91e-06,
      "fc": 0.000687
    },
    {
      "cnn": 0.0003435,
      "lstm": 1.955e-06,
      "fc": 0.0003435
    },
    {
      "cnn": 0.0003435,
      "lstm": 1.955e-06,
      "fc": 0.0003435
    },
    {
      "cnn": 0.0003435,
      "lstm": 1.955e-06,
      "fc": 0.0003435
    },
    {
      "cnn": 0.00017175,
      "lstm": 9.775e-07,
      "fc": 0.00017175
    },
    {
      "cnn": 0.00017175,
      "lstm": 9.775e-07,
      "fc": 0.00017175
    },
    {
      "cnn": 0.00017175,
      "lstm": 9.775e-07,
      "fc": 0.00017175
    },
    {
      "cnn": 8.5875e-05,
      "lstm": 4.8875e-07,
      "fc": 8.5875e-05
    }
  ],
  "epochs_completed": 11,
  "best_epoch": 1,
  "best_val_f1": 0.27805697257153517,
  "stopped_early": true,
  "start_time": "2025-12-11T11:51:58.192966",
  "end_time": "2025-12-11T11:55:33.152898"
}