{
  "config": {},
  "train_loss": [
    1.3822151449849571,
    1.37182930086413,
    1.3663793268152256,
    1.2944597566765919,
    1.2347961348346157,
    1.1708500220922538,
    1.152093782933832,
    1.1414838236728553,
    1.1282277556887843,
    1.1254287992733532,
    1.1259307539977848,
    1.1155826752645928,
    1.1105035421846152,
    1.1087369894691808,
    1.1072407344199493,
    1.1100309181202654,
    1.1049181219429998,
    1.1015266803299797,
    1.10952158488779,
    1.0984597210137628,
    1.0919434964335077,
    1.100272772229581,
    1.0949613943166472,
    1.1003362508947336,
    1.1006818148154587,
    1.0894345240956538,
    1.0992015496975551
  ],
  "train_acc": [
    0.40252837034016287,
    0.4134265183581061,
    0.351665658880936,
    0.3423987175340655,
    0.3976488124534192,
    0.4481740328772517,
    0.4542066851349261,
    0.4647954663704245,
    0.4769732678975715,
    0.4874776763742213,
    0.48504492849408687,
    0.4931728375965013,
    0.498052395483245,
    0.49639306455922266,
    0.5119879628197376,
    0.5174581300184213,
    0.5184565409981298,
    0.5180346772038867,
    0.5160800416238943,
    0.522520495549337,
    0.5245735660146528,
    0.5284406507952133,
    0.5288062660835572,
    0.5270485002742115,
    0.5258954059032807,
    0.5277516065979497,
    0.5306484046517514
  ],
  "val_loss": [
    1.3402266962223333,
    1.284730746811041,
    1.2019385832910519,
    1.2140479117194563,
    1.2702199666286416,
    1.2603514713686217,
    1.2185256019765727,
    1.2296432380718756,
    1.1977760160275475,
    1.1963550823289644,
    1.1842923894587052,
    1.1946241281286225,
    1.174814207280207,
    1.21601628141958,
    1.1599555172073017,
    1.151667478105807,
    1.2029861867177911,
    1.1861809653306157,
    1.1625204869473755,
    1.163255695323899,
    1.1645524668618568,
    1.1905575277951528,
    1.162292153892777,
    1.155030397936483,
    1.1723030678443689,
    1.1706125530994163,
    1.1651574829339482
  ],
  "val_acc": [
    0.5589044686148604,
    0.4787052810902896,
    0.4859127244135762,
    0.5163150307954396,
    0.4825710916000524,
    0.4380815096317652,
    0.43303629930546456,
    0.42438736731752064,
    0.5052417769623903,
    0.49960686672782073,
    0.5105490761368103,
    0.5262088848119513,
    0.513956231162364,
    0.5040623771458524,
    0.5393788494299567,
    0.5426549600314506,
    0.5205739745773817,
    0.5044555104180317,
    0.5275848512645787,
    0.5343336391036562,
    0.5193945747608439,
    0.5211636744856506,
    0.5351199056480147,
    0.5299436508976543,
    0.5175599528240074,
    0.5294849954134452,
    0.531188572926222
  ],
  "val_f1": [
    0.44437020579945785,
    0.46095085801193547,
    0.4073490801067386,
    0.42630160308192916,
    0.4373872544990502,
    0.43835135159589783,
    0.43820069712580695,
    0.4396025599485047,
    0.45970463992043126,
    0.46213783538885633,
    0.47482563225105884,
    0.4658972818285182,
    0.4621174467064184,
    0.46165688802934873,
    0.47021753043929587,
    0.4724422325868947,
    0.46812786775357135,
    0.46445528705589817,
    0.47229140892467275,
    0.4758620535447108,
    0.470357391281581,
    0.4669794454010053,
    0.4779122977762939,
    0.4748973430539502,
    0.47145019903694646,
    0.4725185359865517,
    0.47360178383516827
  ],
  "val_auroc": [
    0.5074394218108305,
    0.5133676178679357,
    0.5224791209584266,
    0.5330542116238169,
    0.549512501454127,
    0.5584333738974556,
    0.5659454653429693,
    0.5691491464072015,
    0.5680354516374165,
    0.5703962080305358,
    0.5687815680715075,
    0.5717006325359772,
    0.5746840956433618,
    0.5725445073553408,
    0.5769568581450492,
    0.5785934328274288,
    0.5754960316027914,
    0.576877483577855,
    0.5785421170951186,
    0.5793171059084232,
    0.579475974816827,
    0.5773865642712332,
    0.5797181821263431,
    0.580832000033077,
    0.581592132241042,
    0.5812193870026645,
    0.5807253287134702
  ],
  "val_sensitivity": [
    [
      0.9321210752202395,
      0.0,
      0.05831578947368421,
      0.0
    ],
    [
      0.6677208041563135,
      0.05737704918032787,
      0.2711578947368421,
      0.09177215189873418
    ],
    [
      0.7935396430991642,
      0.13114754098360656,
      0.005263157894736842,
      0.5981012658227848
    ],
    [
      0.8434605827874407,
      0.03278688524590164,
      0.026947368421052633,
      0.759493670886076
    ],
    [
      0.7468940591822905,
      0.17585692995529062,
      0.04989473684210526,
      0.8829113924050633
    ],
    [
      0.6006324824937881,
      0.34575260804769004,
      0.13242105263157894,
      0.870253164556962
    ],
    [
      0.5727354867856336,
      0.4180327868852459,
      0.14968421052631578,
      0.8417721518987342
    ],
    [
      0.5214592274678111,
      0.46870342771982115,
      0.2056842105263158,
      0.8037974683544303
    ],
    [
      0.7566071831940366,
      0.3591654247391952,
      0.05768421052631579,
      0.810126582278481
    ],
    [
      0.7273548678563361,
      0.43293591654247393,
      0.07536842105263158,
      0.7784810126582279
    ],
    [
      0.7457646261576688,
      0.3621460506706408,
      0.09452631578947368,
      0.8037974683544303
    ],
    [
      0.8018974474813644,
      0.3472429210134128,
      0.04336842105263158,
      0.819620253164557
    ],
    [
      0.7614637451999097,
      0.455290611028316,
      0.051789473684210524,
      0.7753164556962026
    ],
    [
      0.7411339507567202,
      0.4277198211624441,
      0.06168421052631579,
      0.8354430379746836
    ],
    [
      0.8215495821097809,
      0.40014903129657226,
      0.03747368421052632,
      0.7689873417721519
    ],
    [
      0.8281002936525864,
      0.38748137108792846,
      0.03915789473684211,
      0.7721518987341772
    ],
    [
      0.7755816580076802,
      0.4225037257824143,
      0.05326315789473684,
      0.8164556962025317
    ],
    [
      0.73277614637452,
      0.46199701937406856,
      0.0711578947368421,
      0.8006329113924051
    ],
    [
      0.7847300655071154,
      0.43517138599105815,
      0.05705263157894737,
      0.7879746835443038
    ],
    [
      0.8013327309690536,
      0.4098360655737705,
      0.05431578947368421,
      0.7974683544303798
    ],
    [
      0.7623672916196069,
      0.46348733233979134,
      0.0648421052631579,
      0.7816455696202531
    ],
    [
      0.7812288231307883,
      0.40312965722801786,
      0.048842105263157895,
      0.8354430379746836
    ],
    [
      0.8024621639936752,
      0.3949329359165425,
      0.05873684210526316,
      0.8006329113924051
    ],
    [
      0.787214818161283,
      0.43517138599105815,
      0.06063157894736842,
      0.7784810126582279
    ],
    [
      0.7569460131014231,
      0.46199701937406856,
      0.06842105263157895,
      0.7974683544303798
    ],
    [
      0.789925457420375,
      0.4336810730253353,
      0.05284210526315789,
      0.8037974683544303
    ],
    [
      0.7936525864016264,
      0.4262295081967213,
      0.05347368421052632,
      0.8037974683544303
    ]
  ],