{
  "config": {},
  "train_loss": [
    1.385100259412107,
    1.2925032639353395,
    1.1932658117880923,
    1.152973834344809,
    1.1042715151854556,
    1.0891732787914414,
    1.0819918079663524,
    1.073608395757435,
    1.0600007114489731,
    1.0537450103451023,
    1.0530596536805303
  ],
  "train_acc": [
    0.46940784385414763,
    0.34384711656096634,
    0.2847158747345774,
    0.3139369735491401,
    0.35488588584365727,
    0.3968472712443576,
    0.4261105564383446,
    0.4589034353774978,
    0.46632823815617397,
    0.4797153825601507,
    0.48501680424113736
  ],
  "val_loss": [
    1.3606259488660422,
    1.5400391879440851,
    1.3568158098593914,
    1.2738697334313493,
    1.2988325094328765,
    1.3731318471571392,
    1.2340165577423623,
    1.305676664892101,
    1.2299721267806936,
    1.2726101801734588,
    1.2931594144100924
  ],
  "val_acc": [
    0.539771982702136,
    0.17658236142052156,
    0.28181103394050583,
    0.20967107849561,
    0.2217271655091076,
    0.2947844319224217,
    0.47005634910234567,
    0.30992006290132357,
    0.43696763202725725,
    0.38402568470711573,
    0.3697418424846023
  ],
  "val_f1": [
    0.4700701683810965,
    0.16068100808705213,
    0.31368975179950803,
    0.20028822506980296,
    0.2263211315546806,
    0.31775105705861323,
    0.42222377281268303,
    0.33187729444233505,
    0.41376440083760296,
    0.3931853975280133,
    0.37506665034394626
  ],
  "val_auroc": [
    0.5122898557915349,
    0.5178994808545893,
    0.5372101586108889,
    0.5472121990008213,
    0.5533426313680383,
    0.5562200689767594,
    0.5660227382152878,
    0.5616835655307284,
    0.5687892165232327,
    0.568270898429212,
    0.5678389369082081
  ],
  "val_sensitivity": [
    [
      0.8336345154732324,
      0.0,
      0.18042105263157895,
      0.0
    ],
    [
      0.037158346510051954,
      0.4247391952309985,
      0.3122105263157895,
      0.990506329113924
    ],
    [
      0.295459679241021,
      0.563338301043219,
      0.13473684210526315,
      0.9145569620253164
    ],
    [
      0.08640162638355546,
      0.650521609538003,
      0.2688421052631579,
      0.9018987341772152
    ],
    [
      0.12965891122656426,
      0.6959761549925484,
      0.21389473684210528,
      0.9050632911392406
    ],
    [
      0.32550259769595663,
      0.6639344262295082,
      0.09178947368421053,
      0.9177215189873418
    ],
    [
      0.6988931556358708,
      0.47540983606557374,
      0.014526315789473684,
      0.8829113924050633
    ],
    [
      0.3449288457194488,
      0.6758569299552906,
      0.10442105263157894,
      0.8639240506329114
    ],
    [
      0.6158798283261803,
      0.5476900149031296,
      0.042736842105263156,
      0.879746835443038
    ],
    [
      0.486898576914389,
      0.5983606557377049,
      0.09915789473684211,
      0.8734177215189873
    ],
    [
      0.4761689631804834,
      0.6184798807749627,
      0.06694736842105263,
      0.8829113924050633
    ]
  ],
  "val_specificity": [
    [
      0.16510611735330835,
      0.9996408045977011,
      0.8412290715372908,
      1.0
    ],
    [
      0.9684769038701623,
      0.740948275862069,
      0.713089802130898,
      0.6157500334537669
    ],
    [
      0.7468789013732834,
      0.6267959770114943,
      0.8834665144596652,
      0.804696908871939
    ],
    [
      0.9188514357053683,
      0.540948275862069,
      0.7426750380517504,
      0.8362772648200187
    ],
    [
      0.8835830212234707,
      0.5176005747126436,
      0.796613394216134,
      0.8475177304964538
    ],
    [
      0.7362671660424469,
      0.5798850574712644,
      0.923896499238965,
      0.8377492305633615
    ],
    [
      0.41136079900124844,
      0.8508620689655172,
      0.9842085235920852,
      0.8612337749230563
    ],
    [
      0.715980024968789,
      0.5698994252873564,
      0.906107305936073,
      0.8837147062759266
    ],
    [
      0.49157303370786515,
      0.7865660919540229,
      0.9564307458143074,
      0.8724742405994915
    ],
    [
      0.599250936329588,
      0.7101293103448276,
      0.9131468797564688,
      0.8738792988090459
    ],
    [
      0.6078339575530587,
      0.670330459770115,
      0.9438736681887366,
      0.8710691823899371
    ]
  ],
  "learning_rate": [
    0.000129,
    0.000129,
    0.000129,
    0.000129,
    6.45e-05,
    6.45e-05,
    6.45e-05,
    3.225e-05,
    3.225e-05,
    3.225e-05,
    1.6125e-05
  ],
  "learning_rate_dict": [
    {
      "cnn": 0.000129,
      "lstm": 3.72e-05,
      "fc": 0.000129
    },
    {
      "cnn": 0.000129,
      "lstm": 3.72e-05,
      "fc": 0.000129
    },
    {
      "cnn": 0.000129,
      "lstm": 3.72e-05,
      "fc": 0.000129
    },
    {
      "cnn": 0.000129,
      "lstm": 3.72e-05,
      "fc": 0.000129
    },
    {
      "cnn": 6.45e-05,
      "lstm": 1.86e-05,
      "fc": 6.45e-05
    },
    {
      "cnn": 6.45e-05,
      "lstm": 1.86e-05,
      "fc": 6.45e-05
    },
    {
      "cnn": 6.45e-05,
      "lstm": 1.86e-05,
      "fc": 6.45e-05
    },
    {
      "cnn": 3.225e-05,
      "lstm": 9.3e-06,
      "fc": 3.225e-05
    },
    {
      "cnn": 3.225e-05,
      "lstm": 9.3e-06,
      "fc": 3.225e-05
    },
    {
      "cnn": 3.225e-05,
      "lstm": 9.3e-06,
      "fc": 3.225e-05
    },
    {
      "cnn": 1.6125e-05,
      "lstm": 4.65e-06,
      "fc": 1.6125e-05
    }
  ],
  "epochs_completed": 11,
  "best_epoch": 1,
  "best_val_f1": 0.4700701683810965,
  "stopped_early": true,
  "start_time": "2025-12-11T11:51:58.193041",
  "end_time": "2025-12-11T11:56:33.015669"
}