{
  "config": {},
  "train_loss": [
    1.3279099162641188,
    1.2321300987931465,
    1.1875441154773287,
    1.1728682530869683,
    1.1568564191567812,
    1.1436293562003177,
    1.1405706045438917,
    1.13566453470815,
    1.13139973859564,
    1.1249500726409953,
    1.1259423708208174
  ],
  "train_acc": [
    0.40749230098575506,
    0.34197685373982256,
    0.31999775005976405,
    0.3293912505449074,
    0.34348150127262245,
    0.34564706874973633,
    0.34594237340570644,
    0.35942795269500655,
    0.3674152405326733,
    0.360299804536442,
    0.3645465667318212
  ],
  "val_loss": [
    1.287016192240695,
    1.2223731366660306,
    1.2194029483086892,
    1.2479718975941008,
    1.2471429575936066,
    1.2112440819770223,
    1.2044759922695958,
    1.2005459088910075,
    1.2025794809582842,
    1.2044192780760044,
    1.2117394419644167
  ],
  "val_acc": [
    0.30454724151487356,
    0.3044161970908138,
    0.254815882584196,
    0.2915738435329577,
    0.30245053072991746,
    0.2768313458262351,
    0.2909841436246888,
    0.30729917442012844,
    0.2944568208622723,
    0.27663477919014545,
    0.2860699777224479
  ],
  "val_f1": [
    0.34521785795555643,
    0.32570443239173397,
    0.27853879502389767,
    0.3304439414668001,
    0.3339858241516919,
    0.30705747886838797,
    0.31739349982861564,
    0.33735734801370365,
    0.3251903120599903,
    0.30589631070375084,
    0.31613795108099
  ],
  "val_auroc": [
    0.5264165053099523,
    0.5438148979467494,
    0.5521888081657714,
    0.5545129643021245,
    0.5550745466526891,
    0.5615422623629358,
    0.5674819846386928,
    0.567898967302929,
    0.5678782777103007,
    0.5685311565378711,
    0.5690431127547615
  ],
  "val_sensitivity": [
    [
      0.2828100293652586,
      0.12369597615499255,
      0.35957894736842105,
      0.8544303797468354
    ],
    [
      0.3776824034334764,
      0.5782414307004471,
      0.06168421052631579,
      0.7373417721518988
    ],
    [
      0.2641743844590016,
      0.6631892697466468,
      0.08526315789473685,
      0.8069620253164557
    ],
    [
      0.29817031850011294,
      0.5104321907600596,
      0.17852631578947367,
      0.8765822784810127
    ],
    [
      0.33995934041111364,
      0.5655737704918032,
      0.11936842105263158,
      0.8860759493670886
    ],
    [
      0.2449740230404337,
      0.6415797317436661,
      0.19452631578947369,
      0.8575949367088608
    ],
    [
      0.31477298396205106,
      0.6758569299552906,
      0.1016842105263158,
      0.8354430379746836
    ],
    [
      0.33340862886830813,
      0.6333830104321908,
      0.13073684210526315,
      0.8449367088607594
    ],
    [
      0.29907386491981025,
      0.6385991058122206,
      0.15221052631578946,
      0.8417721518987342
    ],
    [
      0.26654619381070704,
      0.680327868852459,
      0.1425263157894737,
      0.8607594936708861
    ],
    [
      0.2876665913711317,
      0.6594634873323398,
      0.13957894736842105,
      0.8575949367088608
    ]
  ],
  "val_specificity": [
    [
      0.7528089887640449,
      0.9160919540229885,
      0.6743721461187214,
      0.702997457513716
    ],
    [
      0.6818039950062422,
      0.5720545977011494,
      0.9473934550989346,
      0.8617021276595744
    ],
    [
      0.7780898876404494,
      0.5072557471264367,
      0.9266552511415526,
      0.8447076140773451
    ],
    [
      0.7602996254681648,
      0.6743534482758621,
      0.8537861491628614,
      0.7854944466746956
    ],
    [
      0.7234706616729089,
      0.6563936781609195,
      0.8984018264840182,
      0.7977385253579553
    ],
    [
      0.8210049937578028,
      0.5901580459770115,
      0.8328576864535768,
      0.8375485079619965
    ],
    [
      0.7666978776529338,
      0.5504310344827587,
      0.9065829528158296,
      0.8604308845175966
    ],
    [
      0.7464107365792759,
      0.6010057471264367,
      0.8887937595129376,
      0.8511976448548106
    ],
    [
      0.7721598002496879,
      0.590948275862069,
      0.8626331811263318,
      0.8548106516793791
    ],
    [
      0.809769038701623,
      0.5492816091954023,
      0.878900304414003,
      0.8478522681653954
    ],
    [
      0.7880774032459426,
      0.5752155172413793,
      0.8771879756468798,
      0.8438378161380972
    ]
  ],
  "learning_rate": [
    0.000273,
    0.000273,
    0.000273,
    0.000273,
    0.0001365,
    0.0001365,
    0.0001365,
    6.825e-05,
    6.825e-05,
    6.825e-05,
    3.4125e-05
  ],
  "learning_rate_dict": [
    {
      "cnn": 0.000273,
      "lstm": 3.55e-06,
      "fc": 0.000273
    },
    {
      "cnn": 0.000273,
      "lstm": 3.55e-06,
      "fc": 0.000273
    },
    {
      "cnn": 0.000273,
      "lstm": 3.55e-06,
      "fc": 0.000273
    },
    {
      "cnn": 0.000273,
      "lstm": 3.55e-06,
      "fc": 0.000273
    },
    {
      "cnn": 0.0001365,
      "lstm": 1.775e-06,
      "fc": 0.0001365
    },
    {
      "cnn": 0.0001365,
      "lstm": 1.775e-06,
      "fc": 0.0001365
    },
    {
      "cnn": 0.0001365,
      "lstm": 1.775e-06,
      "fc": 0.0001365
    },
    {
      "cnn": 6.825e-05,
      "lstm": 8.875e-07,
      "fc": 6.825e-05
    },
    {
      "cnn": 6.825e-05,
      "lstm": 8.875e-07,
      "fc": 6.825e-05
    },
    {
      "cnn": 6.825e-05,
      "lstm": 8.875e-07,
      "fc": 6.825e-05
    },
    {
      "cnn": 3.4125e-05,
      "lstm": 4.4375e-07,
      "fc": 3.4125e-05
    }
  ],
  "epochs_completed": 11,
  "best_epoch": 1,
  "best_val_f1": 0.34521785795555643,
  "stopped_early": true,
  "start_time": "2025-12-11T12:52:34.257247",
  "end_time": "2025-12-11T13:02:10.826141"
}