{
  "config": {},
  "train_loss": [
    1.380863248122682,
    1.2483481828578942,
    1.166004013082535,
    1.0919502759687334,
    1.059324365511215,
    1.0492824826309148,
    1.0353515944678149,
    1.0279840524676893,
    1.0151602849900294,
    0.9889593479766262,
    0.9741051780234138,
    0.9546639810470369,
    0.9338709225328706,
    0.9130293950170493,
    0.8998443893016242,
    0.8860591910511469,
    0.8678104960017925,
    0.8590726606387029,
    0.8466205586471575,
    0.8428191666712435,
    0.8318341217881484,
    0.8120503756050155,
    0.8072231497695977,
    0.8002487500365689,
    0.7986841575383282,
    0.7909260743545542,
    0.790258903833602,
    0.7873283801801342,
    0.7790297597861119
  ],
  "train_acc": [
    0.32884282761239153,
    0.2913110120512424,
    0.36039823942176535,
    0.4519708070254384,
    0.49360876351721905,
    0.5166003403034607,
    0.5248266842911985,
    0.5341076877645438,
    0.5476073291803186,
    0.5532321797702249,
    0.5611210327225683,
    0.5727363491907246,
    0.5824673407112624,
    0.5885140550954115,
    0.5913264803903646,
    0.5962341625300578,
    0.6059229676711713,
    0.6112806378580569,
    0.6241896699618916,
    0.6257505660005906,
    0.6299129554371212,
    0.6402204941431243,
    0.6381252372983842,
    0.6432860377146232,
    0.6464218919184959,
    0.6484468381308621,
    0.6465203268038193,
    0.6515967544612096,
    0.652299860784948
  ],
  "val_loss": [
    1.3147500823232419,
    1.2792616600022655,
    1.1849194419059794,
    1.1680032018587678,
    1.1752695849001658,
    1.1764428988410838,
    1.1599504882820482,
    1.0994555287406036,
    1.097132959936952,
    1.092189105547123,
    1.0357429420723576,
    1.0672713439584278,
    1.0729727307373509,
    1.0944961253319825,
    1.0258877405811055,
    1.045427429065046,
    1.0207595632228392,
    0.9815889326972442,
    1.036269482957768,
    1.0454069107272137,
    0.9986123730697393,
    0.9992904041165088,
    0.9551289620571556,
    0.9403074582937372,
    0.9690813993622069,
    0.9645663859891592,
    0.968274878096381,
    0.9084412962447649,
    0.9515700777641899
  ],
  "val_acc": [
    0.48781286856244266,
    0.45197221858209935,
    0.5087799764120037,
    0.49390643428122133,
    0.48931987943912986,
    0.49809985585113353,
    0.513956231162364,
    0.546782859389333,
    0.5394443716419867,
    0.5485519591141397,
    0.5773162101952561,
    0.575809199318569,
    0.5680120560870136,
    0.5771196435591666,
    0.5811164984929891,
    0.5928449744463373,
    0.6090289608177172,
    0.6151880487485257,
    0.6012973397981916,
    0.609684182938016,
    0.5931070632944568,
    0.617743415017691,
    0.6243611584327087,
    0.6296684576071289,
    0.6332721792687721,
    0.6361551565980867,
    0.6340584458131306,
    0.6406761892281484,
    0.6449351330100904
  ],
  "val_f1": [
    0.46054393862999343,
    0.42559896541529574,
    0.45144588544349046,
    0.4499648334905534,
    0.46016037843339497,
    0.47132115945511927,
    0.48273609183458077,
    0.498315243499069,
    0.502865455132767,
    0.5102276399308355,
    0.5457680219158132,
    0.549737773384482,
    0.5388386963815354,
    0.5506159397821123,
    0.5705299569598253,
    0.5691297665838805,
    0.601119279899956,
    0.6102998044131079,
    0.5943753955859001,
    0.5929012112158581,
    0.6077872360006991,
    0.5986440588049149,
    0.6191362399740078,
    0.6276192360612521,
    0.6259840327151587,
    0.6305694739104225,
    0.63455199763727,
    0.6331251894266913,
    0.6392986026669416
  ],
  "val_auroc": [
    0.5154862607020549,
    0.5290698898069729,
    0.5672611717464758,
    0.5794748925397769,
    0.5901429660093347,
    0.5925382019041394,
    0.6020903932763136,
    0.6204215221912525,
    0.6286347502996871,
    0.6458442833284218,
    0.6722022290891718,
    0.6796291664744936,
    0.6854256696302963,
    0.6740327612094678,
    0.7029413722983111,
    0.7071167960828623,
    0.7210167948912769,
    0.7281420860618055,
    0.7187559021994817,
    0.7178241935710203,
    0.7355238529740352,
    0.7270747666962956,
    0.7441818292982805,
    0.7493682595335949,
    0.7447027062253929,
    0.7485546243039879,
    0.7474564322498861,
    0.75434179510746,
    0.7529969574346085
  ],
  "val_sensitivity": [
    [
      0.7125592952337927,
      0.07302533532041729,
      0.20294736842105263,
      0.23417721518987342
    ],
    [
      0.6752880054212785,
      0.0,
      0.1311578947368421,
      0.9367088607594937
    ],
    [
      0.7704992093968828,
      0.3919523099850969,
      0.030736842105263156,
      0.8575949367088608
    ],
    [
      0.7336796927942173,
      0.43517138599105815,
      0.03536842105263158,
      0.9177215189873418
    ],
    [
      0.6948271967472329,
      0.5171385991058122,
      0.07178947368421053,
      0.8892405063291139
    ],
    [
      0.7163993675175062,
      0.4344262295081967,
      0.08063157894736842,
      0.9272151898734177
    ],
    [
      0.7381974248927039,
      0.46497764530551416,
      0.08273684210526316,
      0.9208860759493671
    ],
    [
      0.8032527671109103,
      0.46050670640834573,
      0.06989473684210526,
      0.8955696202531646
    ],
    [
      0.7779534673593856,
      0.4910581222056632,
      0.08421052631578947,
      0.9050632911392406
    ],
    [
      0.7980573751976507,
      0.4336810730253353,
      0.0911578947368421,
      0.9208860759493671
    ],
    [
      0.8160153602891349,
      0.4672131147540984,
      0.14294736842105263,
      0.8860759493670886
    ],
    [
      0.8059634063700023,
      0.5096870342771982,
      0.14673684210526317,
      0.8575949367088608
    ],
    [
      0.80167156087644,
      0.526080476900149,
      0.12126315789473684,
      0.9145569620253164
    ],
    [
      0.8146600406595889,
      0.4247391952309985,
      0.15536842105263157,
      0.9082278481012658
    ],
    [
      0.7838265190874181,
      0.5506706408345753,
      0.19094736842105264,
      0.8955696202531646
    ],
    [
      0.809916421956178,
      0.6326378539493294,
      0.15747368421052632,
      0.8860759493670886
    ],
    [
      0.8072057826970861,
      0.5387481371087929,
      0.24189473684210527,
      0.8734177215189873
    ],
    [
      0.7950079060311723,
      0.6281669150521609,
      0.2597894736842105,
      0.8639240506329114
    ],
    [
      0.7900384007228372,
      0.6512667660208644,
      0.21536842105263157,
      0.9018987341772152
    ],
    [
      0.8247119945787215,
      0.5819672131147541,
      0.19705263157894737,
      0.9050632911392406
    ],
    [
      0.7272419245538739,
      0.6624441132637854,
      0.3025263157894737,
      0.9082278481012658
    ],
    [
      0.8266320307205782,
      0.6736214605067065,
      0.19452631578947369,
      0.8892405063291139
    ],
    [
      0.7969279421730291,
      0.7034277198211625,
      0.264,
      0.870253164556962
    ],
    [
      0.7815676530381749,
      0.7511177347242921,
      0.29789473684210527,
      0.8449367088607594
    ],
    [
      0.8180483397334538,
      0.6616989567809239,
      0.26463157894736844,
      0.8765822784810127
    ],
    [
      0.8116105714931104,
      0.6855439642324889,
      0.2793684210526316,
      0.8734177215189873
    ],
    [
      0.7977185452902643,
      0.6751117734724292,
      0.3002105263157895,
      0.8924050632911392
    ],
    [
      0.8072057826970861,
      0.7563338301043219,
      0.28378947368421054,
      0.8481012658227848
    ],
    [
      0.8128529478201942,
      0.7153502235469449,
      0.29810526315789476,
      0.8544303797468354
    ]
  ],