{
  "config": {},
  "train_loss": [
    1.3880950300132526,
    1.3881305631469278,
    1.3861519641735975,
    1.3863289391293245,
    1.386720615274766,
    1.386141284423716,
    1.3864632844924927,
    1.3861410477582146,
    1.3857439335654764,
    1.3865552790024702,
    1.3862098472959854
  ],
  "train_acc": [
    0.08999302379660491,
    0.0908456708782265,
    0.09758933416014262,
    0.10355786373149369,
    0.11200682117665298,
    0.11107666072397489,
    0.11588248972947833,
    0.1166576234400434,
    0.12223858615611193,
    0.12471901402992017,
    0.12549414774048523
  ],
  "val_loss": [
    1.3881550947825114,
    1.3877901713053384,
    1.387367558479309,
    1.3870748360951741,
    1.386882742245992,
    1.38674529393514,
    1.3866398413976033,
    1.38658979733785,
    1.3865063031514486,
    1.3864625215530395,
    1.386432377497355
  ],
  "val_acc": [
    0.08020231213872832,
    0.08020231213872832,
    0.08020231213872832,
    0.08020231213872832,
    0.08020231213872832,
    0.08020231213872832,
    0.08020231213872832,
    0.08020231213872832,
    0.08020231213872832,
    0.08020231213872832,
    0.08020231213872832
  ],
  "val_f1": [
    0.011909640999864673,
    0.011909640999864673,
    0.011909640999864673,
    0.011909640999864673,
    0.011909640999864673,
    0.011909640999864673,
    0.011909640999864673,
    0.011909640999864673,
    0.011909640999864673,
    0.011909640999864673,
    0.011909640999864673
  ],
  "val_auroc": [
    0.5139171403378174,
    0.5151672435888667,
    0.5121469888973865,
    0.51396812089194,
    0.5146079516020697,
    0.5149370407221547,
    0.5159483630668649,
    0.5164781548985455,
    0.5165872449233543,
    0.5168473546910933,
    0.5168607282901428
  ],
  "val_sensitivity": [
    [
      0.0,
      1.0,
      0.0,
      0.0
    ],
    [
      0.0,
      1.0,
      0.0,
      0.0
    ],
    [
      0.0,
      1.0,
      0.0,
      0.0
    ],
    [
      0.0,
      1.0,
      0.0,
      0.0
    ],
    [
      0.0,
      1.0,
      0.0,
      0.0
    ],
    [
      0.0,
      1.0,
      0.0,
      0.0
    ],
    [
      0.0,
      1.0,
      0.0,
      0.0
    ],
    [
      0.0,
      1.0,
      0.0,
      0.0
    ],
    [
      0.0,
      1.0,
      0.0,
      0.0
    ],
    [
      0.0,
      1.0,
      0.0,
      0.0
    ],
    [
      0.0,
      1.0,
      0.0,
      0.0
    ]
  ],
  "val_specificity": [
    [
      1.0,
      0.0,
      1.0,
      1.0
    ],
    [
      1.0,
      0.0,
      1.0,
      1.0
    ],
    [
      1.0,
      0.0,
      1.0,
      1.0
    ],
    [
      1.0,
      0.0,
      1.0,
      1.0
    ],
    [
      1.0,
      0.0,
      1.0,
      1.0
    ],
    [
      1.0,
      0.0,
      1.0,
      1.0
    ],
    [
      1.0,
      0.0,
      1.0,
      1.0
    ],
    [
      1.0,
      0.0,
      1.0,
      1.0
    ],
    [
      1.0,
      0.0,
      1.0,
      1.0
    ],
    [
      1.0,
      0.0,
      1.0,
      1.0
    ],
    [
      1.0,
      0.0,
      1.0,
      1.0
    ]
  ],
  "learning_rate": [
    5.57e-05,
    5.57e-05,
    5.57e-05,
    5.57e-05,
    2.785e-05,
    2.785e-05,
    2.785e-05,
    1.3925e-05,
    1.3925e-05,
    1.3925e-05,
    6.9625e-06
  ],
  "learning_rate_dict": [
    {
      "cnn": 5.57e-05,
      "lstm": 2.43e-06,
      "fc": 5.57e-05
    },
    {
      "cnn": 5.57e-05,
      "lstm": 2.43e-06,
      "fc": 5.57e-05
    },
    {
      "cnn": 5.57e-05,
      "lstm": 2.43e-06,
      "fc": 5.57e-05
    },
    {
      "cnn": 5.57e-05,
      "lstm": 2.43e-06,
      "fc": 5.57e-05
    },
    {
      "cnn": 2.785e-05,
      "lstm": 1.215e-06,
      "fc": 2.785e-05
    },
    {
      "cnn": 2.785e-05,
      "lstm": 1.215e-06,
      "fc": 2.785e-05
    },
    {
      "cnn": 2.785e-05,
      "lstm": 1.215e-06,
      "fc": 2.785e-05
    },
    {
      "cnn": 1.3925e-05,
      "lstm": 6.075e-07,
      "fc": 1.3925e-05
    },
    {
      "cnn": 1.3925e-05,
      "lstm": 6.075e-07,
      "fc": 1.3925e-05
    },
    {
      "cnn": 1.3925e-05,
      "lstm": 6.075e-07,
      "fc": 1.3925e-05
    },
    {
      "cnn": 6.9625e-06,
      "lstm": 3.0375e-07,
      "fc": 6.9625e-06
    }
  ],
  "epochs_completed": 11,
  "best_epoch": 1,
  "best_val_f1": 0.011909640999864673,
  "stopped_early": true,
  "start_time": "2025-12-11T11:38:57.056748",
  "end_time": "2025-12-11T11:39:46.979656"
}