{
  "config": {},
  "train_loss": [
    1.3866661810617653,
    1.382991325726612,
    1.3399327382338133,
    1.233060362634899,
    1.184737036071664,
    1.1524223122986959,
    1.1369943031840186,
    1.1258931847677813,
    1.1222119165195836,
    1.116903061275002,
    1.1053586809648026,
    1.1004474810023102,
    1.0886845951564879,
    1.078706299283093,
    1.0793749290190155,
    1.0685116639025778,
    1.06582769060092,
    1.072006863173392,
    1.065886794716763
  ],
  "train_acc": [
    0.2051804873933036,
    0.3399519075274563,
    0.35522337687905164,
    0.3282100319210271,
    0.3429190162136318,
    0.34805169237692124,
    0.34431116673463363,
    0.3552936875114255,
    0.37422130974645984,
    0.3816742367780856,
    0.4009112257955648,
    0.4073938661004317,
    0.4090672591509288,
    0.42629336408251656,
    0.4257590032764755,
    0.4296542123099855,
    0.43762743802117754,
    0.44655688833265367,
    0.4364321572708225
  ],
  "val_loss": [
    1.3739397276395535,
    1.3607744801493369,
    1.2748787477924235,
    1.246187740788799,
    1.2164675476162006,
    1.204986908695189,
    1.183432503474806,
    1.1754641824686378,
    1.1634496154894889,
    1.2247932851314545,
    1.172600051349177,
    1.1503044245881515,
    1.1847824181846993,
    1.1687146170244058,
    1.1759212624951885,
    1.1477171723189215,
    1.1696401646820571,
    1.161815276143441,
    1.1599612493520002
  ],
  "val_acc": [
    0.23083475298126066,
    0.47883632551434935,
    0.28495610011794,
    0.4942340453413707,
    0.2771589568863845,
    0.3998165378063163,
    0.44502686410693226,
    0.4651421832001048,
    0.4792949809985585,
    0.4578036954527585,
    0.4443716419866335,
    0.48571615777748656,
    0.43991613156860176,
    0.46422487223168657,
    0.4840125802647097,
    0.4889267461669506,
    0.48368496920456033,
    0.47706722578954264,
    0.4807364696632158
  ],
  "val_f1": [
    0.1427107562209336,
    0.4494529593017692,
    0.1589348736925878,
    0.42216718301298367,
    0.29638053089663396,
    0.4220212072447942,
    0.454715108273669,
    0.45929729759199317,
    0.47679026792281665,
    0.4562784325858303,
    0.4552015841330759,
    0.46113445625541816,
    0.4541664081448798,
    0.4556292209968881,
    0.4619350147794746,
    0.4753632716052067,
    0.4675853160681052,
    0.4646907412459197,
    0.46441570253192044
  ],
  "val_auroc": [
    0.5073926356298682,
    0.5078797634237632,
    0.5193351906672098,
    0.5284840575107957,
    0.5342039713918919,
    0.5427031508925286,
    0.5470170699717313,
    0.5431130310898786,
    0.5482053717873162,
    0.5479713779792633,
    0.5518736866637639,
    0.5532524261015175,
    0.5559240552012766,
    0.559589676710975,
    0.5620259157487293,
    0.5637120267859174,
    0.5608276584670078,
    0.5615988495833155,
    0.565489923577863
  ],
  "val_sensitivity": [
    [
      0.0,
      0.4128166915052161,
      0.6250526315789474,
      0.0
    ],
    [
      0.6981025525186356,
      0.06929955290611028,
      0.21768421052631579,
      0.0
    ],
    [
      0.000790603117235148,
      0.07824143070044709,
      0.8597894736842105,
      0.48417721518987344
    ],
    [
      0.7953467359385589,
      0.011177347242921014,
      0.05515789473684211,
      0.7088607594936709
    ],
    [
      0.19302010390783828,
      0.6073025335320418,
      0.3311578947368421,
      0.4208860759493671
    ],
    [
      0.4184549356223176,
      0.1810730253353204,
      0.3985263157894737,
      0.8259493670886076
    ],
    [
      0.5622317596566524,
      0.1497764530551416,
      0.2850526315789474,
      0.819620253164557
    ],
    [
      0.6187034108877344,
      0.08792846497764531,
      0.26294736842105265,
      0.8037974683544303
    ],
    [
      0.6084255703636774,
      0.1572280178837556,
      0.3134736842105263,
      0.7215189873417721
    ],
    [
      0.6339507567201265,
      0.21311475409836064,
      0.1711578947368421,
      0.870253164556962
    ],
    [
      0.5592952337926361,
      0.28912071535022354,
      0.24736842105263157,
      0.8449367088607594
    ],
    [
      0.7078156765303818,
      0.23695976154992549,
      0.11852631578947369,
      0.8386075949367089
    ],
    [
      0.5589564038852496,
      0.2555886736214605,
      0.24105263157894738,
      0.8765822784810127
    ],
    [
      0.6438897673367969,
      0.3315946348733234,
      0.1408421052631579,
      0.8544303797468354
    ],
    [
      0.690761237858595,
      0.3442622950819672,
      0.11389473684210526,
      0.8481012658227848
    ],
    [
      0.6787892477976056,
      0.3055141579731744,
      0.1637894736842105,
      0.8354430379746836
    ],
    [
      0.6848881861305625,
      0.27049180327868855,
      0.14421052631578948,
      0.8544303797468354
    ],
    [
      0.6704314434154055,
      0.2809239940387481,
      0.1471578947368421,
      0.8512658227848101
    ],
    [
      0.6805963406370003,
      0.3226527570789866,
      0.128,
      0.8544303797468354
    ]
  ],
  "val_specificity": [
    [
      1.0,
      0.6329022988505747,
      0.3693873668188737,
      1.0
    ],
    [
      0.2804307116104869,
      0.9451867816091954,
      0.7547564687975646,
      0.9998661849324234
    ],
    [
      0.9989076154806492,
      0.9464798850574713,
      0.1909246575342466,
      0.8892011240465676
    ],
    [
      0.18632958801498128,
      0.9863505747126436,
      0.949486301369863,
      0.8806369597216647
    ],
    [
      0.8303682896379525,
      0.5624281609195402,
      0.7090943683409436,
      0.9467416031045096
    ],
    [
      0.6207865168539326,
      0.9573994252873563,
      0.6289954337899544,
      0.8503278469155627
    ],
    [
      0.4778401997503121,
      0.9786637931034483,
      0.7387747336377474,
      0.8607654221865382
    ],
    [
      0.4137016229712859,
      0.9907327586206897,
      0.7500951293759512,
      0.8896025692492975
    ],
    [
      0.4388264669163546,
      0.9805316091954023,
      0.7132800608828006,
      0.9286765689816673
    ],
    [
      0.42743445692883897,
      0.9663074712643678,
      0.835521308980213,
      0.8388866586377626
    ],
    [
      0.5010923845193508,
      0.9318247126436782,
      0.7669330289193302,
      0.8739462063428342
    ],
    [
      0.35923845193508114,
      0.9632183908045977,
      0.8738584474885844,
      0.8725411481332798
    ],
    [
      0.5042134831460674,
      0.960632183908046,
      0.7637937595129376,
      0.8434363709353673
    ],
    [
      0.4330524344569288,
      0.9262931034482759,
      0.8524543378995434,
      0.868392881038405
    ],
    [
      0.3982521847690387,
      0.925,
      0.884037290715373,
      0.8825103706677372
    ],
    [
      0.4108926342072409,
      0.9491379310344827,
      0.8377092846270928,
      0.8922119630670413
    ],
    [
      0.39575530586766544,
      0.9542385057471264,
      0.8552130898021308,
      0.8762879700254249
    ],
    [
      0.4091760299625468,
      0.951580459770115,
      0.848458904109589,
      0.8710022748561488
    ],
    [
      0.409019975031211,
      0.940948275862069,
      0.867865296803653,
      0.8710691823899371
    ]
  ],
  "learning_rate": [
    1.67e-05,
    1.67e-05,
    1.67e-05,
    1.67e-05,
    1.67e-05,
    8.35e-06,
    8.35e-06,
    8.35e-06,
    8.35e-06,
    8.35e-06,
    8.35e-06,
    8.35e-06,
    4.175e-06,
    4.175e-06,
    4.175e-06,
    2.0875e-06,
    2.0875e-06,
    2.0875e-06,
    1.04375e-06
  ],
  "learning_rate_dict": [
    {
      "cnn": 1.67e-05,
      "lstm": 4.28e-05,
      "fc": 1.67e-05
    },
    {
      "cnn": 1.67e-05,
      "lstm": 4.28e-05,
      "fc": 1.67e-05
    },
    {
      "cnn": 1.67e-05,
      "lstm": 4.28e-05,
      "fc": 1.67e-05
    },
    {
      "cnn": 1.67e-05,
      "lstm": 4.28e-05,
      "fc": 1.67e-05
    },
    {
      "cnn": 1.67e-05,
      "lstm": 4.28e-05,