{
  "config": {},
  "train_loss": [
    1.3871013929518006,
    1.3871319028113385,
    1.3865124338822399,
    1.386043153220801,
    1.3863244554121716,
    1.3858423709011765,
    1.3862892509364395,
    1.386033444524669,
    1.386099267777779,
    1.386096814982325,
    1.3860509614292666,
    1.385682244952634,
    1.3853272851422536,
    1.3853276140398258,
    1.3855337835044312,
    1.3851978148487831,
    1.3848857785300386,
    1.3851182941052553,
    1.3847838022726044,
    1.3845015082427923,
    1.384627124388441,
    1.3845897368389926,
    1.3846400555946845,
    1.3847242623781986
  ],
  "train_acc": [
    0.1814154936509499,
    0.21918636536217007,
    0.24317635312812003,
    0.2622867830073264,
    0.26681478773220085,
    0.27872540885632724,
    0.2849971172640727,
    0.29299846722821427,
    0.3018997932867408,
    0.2998889092008494,
    0.30523251726126027,
    0.3125870094075626,
    0.3108714299776412,
    0.3067231026675854,
    0.3087199246270021,
    0.30641373588514054,
    0.2960077622938141,
    0.2940671888402964,
    0.2972592915500682,
    0.2935187659077806,
    0.2926328519398703,
    0.2966405579851785,
    0.2930687778605881,
    0.28941262497714904
  ],
  "val_loss": [
    1.385281898578008,
    1.3848549922307332,
    1.3845647911230723,
    1.384478263060252,
    1.3843855957190196,
    1.3843453228473663,
    1.384161760409673,
    1.384132264057795,
    1.384006247917811,
    1.3839662194252014,
    1.383876121044159,
    1.3838576594988505,
    1.3837455133597056,
    1.383676145474116,
    1.383573204278946,
    1.3835419336954753,
    1.383497456709544,
    1.3834529002507527,
    1.383424993356069,
    1.3833924214045206,
    1.3834023952484131,
    1.3833505094051362,
    1.3833264271418253,
    1.3833234171072641
  ],
  "val_acc": [
    0.08793080854409645,
    0.08793080854409645,
    0.08793080854409645,
    0.08793080854409645,
    0.08793080854409645,
    0.20528109028960817,
    0.4373607652994365,
    0.4759533481850347,
    0.49292360110077316,
    0.5017035775127768,
    0.5115974315292884,
    0.51611846415935,
    0.5153977198270213,
    0.5173633861879177,
    0.5156598086751408,
    0.5068143100511073,
    0.49862403354737256,
    0.49318568994889267,
    0.48008124754291703,
    0.46422487223168657,
    0.45924518411741583,
    0.45413445157908533,
    0.45105490761368106,
    0.44836849692045605
  ],
  "val_f1": [
    0.01421382137631624,
    0.01421382137631624,
    0.01421382137631624,
    0.01421382137631624,
    0.01421382137631624,
    0.2072953165175011,
    0.383456784571047,
    0.40000184972717934,
    0.4070936460324511,
    0.41036795386247965,
    0.41389564602061146,
    0.4153240578493621,
    0.41508569121492667,
    0.41610706841562634,
    0.4158456776214592,
    0.4130662201650314,
    0.4103438129440293,
    0.4081684767625257,
    0.40295077957660935,
    0.39645327077931436,
    0.3943642269741758,
    0.39234661765227835,
    0.39113315993725173,
    0.38998291808834723
  ],
  "val_auroc": [
    0.49518535506075984,
    0.49948771503351647,
    0.5012109378483242,
    0.5022621044289673,
    0.50270693269831,
    0.5029206404531871,
    0.5029804190829935,
    0.5030767570032718,
    0.5033133848927616,
    0.5034765408879279,
    0.5036913355996214,
    0.5038131714659518,
    0.5042111952322526,
    0.5044606261813797,
    0.504865017738303,
    0.5051480208385863,
    0.5055042201862302,
    0.5055693522560532,
    0.5056299574915604,
    0.5057210747764076,
    0.505697362907918,
    0.5058364620109257,
    0.5058736248221126,
    0.5058971010827056
  ],
  "val_sensitivity": [
    [
      0.0,
      1.0,
      0.0,
      0.0
    ],
    [
      0.0,
      1.0,
      0.0,
      0.0
    ],
    [
      0.0,
      1.0,
      0.0,
      0.0
    ],
    [
      0.0,
      1.0,
      0.0,
      0.0
    ],
    [
      0.0,
      1.0,
      0.0,
      0.0
    ],
    [
      0.23503501242376326,
      0.7839046199701938,
      0.0,
      0.0
    ],
    [
      0.69832843912356,
      0.36661698956780925,
      0.0,
      0.0
    ],
    [
      0.7776146374519991,
      0.28241430700447095,
      0.0,
      0.0
    ],
    [
      0.8127400045177321,
      0.2436661698956781,
      0.0,
      0.0
    ],
    [
      0.8306979896092161,
      0.22503725782414308,
      0.0,
      0.0
    ],
    [
      0.8517054438671787,
      0.19895678092399405,
      0.0,
      0.0
    ],
    [
      0.8614185678789248,
      0.18628912071535023,
      0.0,
      0.0
    ],
    [
      0.8597244183419923,
      0.18926974664679583,
      0.0,
      0.0
    ],
    [
      0.863564490625706,
      0.18479880774962743,
      0.0,
      0.006329113924050633
    ],
    [
      0.8602891348543031,
      0.18479880774962743,
      0.0,
      0.015822784810126583
    ],
    [
      0.843008809577592,
      0.19001490312965721,
      0.0,
      0.05063291139240506
    ],
    [
      0.8276485204427377,
      0.19076005961251863,
      0.0,
      0.08227848101265822
    ],
    [
      0.8175965665236051,
      0.1870342771982116,
      0.0,
      0.11708860759493671
    ],
    [
      0.7941043596114751,
      0.18628912071535023,
      0.0,
      0.14556962025316456
    ],
    [
      0.766546193810707,
      0.184053651266766,
      0.0,
      0.16139240506329114
    ],
    [
      0.7581883894285069,
      0.1795827123695976,
      0.0,
      0.17405063291139242
    ],
    [
      0.7488140953241473,
      0.1825633383010432,
      0.0,
      0.17721518987341772
    ],
    [
      0.7436187034108878,
      0.1795827123695976,
      0.0,
      0.18670886075949367
    ],
    [
      0.7386491981025525,
      0.1795827123695976,
      0.0,
      0.1962025316455696
    ]
  ],
  "val_specificity": [
    [
      1.0,
      0.0,
      1.0,
      1.0
    ],
    [
      1.0,
      0.0,
      1.0,
      1.0
    ],
    [
      1.0,
      0.0,
      1.0,
      1.0
    ],
    [
      1.0,
      0.0,
      1.0,
      1.0
    ],
    [
      1.0,
      0.0,
      1.0,
      1.0
    ],
    [
      0.7542134831460674,
      0.2418103448275862,
      1.0,
      1.0
    ],
    [
      0.31335830212234705,
      0.6992097701149426,
      1.0,
      1.0
    ],
    [
      0.22659176029962547,
      0.7814655172413794,
      1.0,
      1.0
    ],
    [
      0.19382022471910113,
      0.8151580459770115,
      1.0,
      1.0
    ],
    [
      0.17462546816479402,
      0.8336206896551724,
      1.0,
      1.0
    ],
    [
      0.1534019975031211,
      0.8542385057471265,
      1.0,
      1.0
    ],
    [
      0.1426342072409488,
      0.8641522988505748,
      1.0,
      1.0
    ],
    [
      0.14403870162297128,
      0.8627155172413793,
      1.0,
      1.0
    ],
    [
      0.14029338327091137,
      0.8693247126436782,
      1.0,
      0.9974575137160444
    ],
    [
      0.14357053682896379,
      0.8714080459770115,
      1.0,
      0.9923725411481332
    ],
    [
      0.15901997503121099,
      0.8680316091954023,
      1.0,
      0.9798608323297203
    ],
    [
      0.1740012484394507,
      0.8700431034482758,
      1.0,
      0.9632008564164325
    ],
    [
      0.18149188514357054,
      0.8725574712643678,
      1.0,
      0.952094205807574
    ],
    [
      0.2019350811485643,
      0.8737787356321839,
      1.0,
      0.928810384049244
    ],
    [
      0.2262796504369538,
      0.8744252873563219,
      1.0,
      0.901579017797404
    ],
    [
      0.23361423220973782,
      0.8772270114942529,
      1.0,
      0.8907399973236987
    ],
    [
      0.24235330836454433,
      0.8766522988505747,
      1.0,
      0.8823096480663722
    ],
    [
      0.24765917602996254,
      0.8789511494252874,
      1.0,
      0.8747490967482938
    ],
    [
      0.25202871410736577,
      0.8792385057471265,
      1.0,
      0.8698648467817476
    ]
  ],