{
  "config": {},
  "train_loss": [
    1.380249890070113,
    1.350796471512507,
    1.2576984536080134,
    1.167755959052888,
    1.1464382925676921,
    1.1416053544907343,
    1.1335726739868286,
    1.116181153626669,
    1.1149773238197205,
    1.109490691196351,
    1.1018662632457794,
    1.104937154622305,
    1.1036014888021681,
    1.0996278339908236
  ],
  "train_acc": [
    0.1200511652575422,
    0.23470501981093814,
    0.32748884659782235,
    0.31525910211212677,
    0.3084890649861167,
    0.32521136867063927,
    0.33067107603032475,
    0.3401241693445231,
    0.3420896639940099,
    0.33815867469503635,
    0.3369107415842511,
    0.34558387670420865,
    0.34302561382709884,
    0.35191713724144386
  ],
  "val_loss": [
    1.3696636046682085,
    1.3112505972385406,
    1.2011728350605284,
    1.1872596804584776,
    1.1547974326780863,
    1.1537295579910278,
    1.1363686663763863,
    1.1363709207092012,
    1.1308021311249052,
    1.126749758209501,
    1.1259069357599532,
    1.135077299816268,
    1.12580349615642,
    1.1252572174583162
  ],
  "val_acc": [
    0.22660944206008585,
    0.4111587982832618,
    0.4476394849785408,
    0.49799713876967094,
    0.4464949928469242,
    0.4525035765379113,
    0.46394849785407727,
    0.4592274678111588,
    0.45379113018598,
    0.4406294706723891,
    0.44949928469241773,
    0.4666666666666667,
    0.45121602288984264,
    0.44907010014306153
  ],
  "val_f1": [
    0.25694306675609396,
    0.4086245697914043,
    0.4470515303949378,
    0.4649870100405448,
    0.4383545040933023,
    0.4332823835148334,
    0.455865929703588,
    0.4324669159945564,
    0.43231463232989037,
    0.4268242245478725,
    0.4287698216886188,
    0.4421193232774288,
    0.4312720924196946,
    0.43186840826813233
  ],
  "val_auroc": [
    0.5278830570246634,
    0.5372421023430651,
    0.5514242201286392,
    0.5576893712905815,
    0.5577227680042091,
    0.563453622514112,
    0.5596554554512536,
    0.5643383893796027,
    0.5655971270432987,
    0.5639570948807292,
    0.5655162958847749,
    0.5678794554830245,
    0.5673029281437111,
    0.5671948212394982
  ],
  "val_sensitivity": [
    [
      0.29285014691478944,
      0.375,
      0.01904761904761905,
      0.6379310344827587
    ],
    [
      0.6194906953966699,
      0.16455696202531644,
      0.06476190476190476,
      0.5977011494252874
    ],
    [
      0.6349167482859941,
      0.1518987341772152,
      0.1519047619047619,
      0.6954022988505747
    ],
    [
      0.7448579823702253,
      0.14240506329113925,
      0.11285714285714285,
      0.6436781609195402
    ],
    [
      0.6476493633692458,
      0.18354430379746836,
      0.10142857142857142,
      0.8448275862068966
    ],
    [
      0.6687071498530852,
      0.25316455696202533,
      0.06619047619047619,
      0.764367816091954
    ],
    [
      0.6569539666993144,
      0.18037974683544303,
      0.1461904761904762,
      0.7988505747126436
    ],
    [
      0.6851126346718903,
      0.24367088607594936,
      0.056666666666666664,
      0.7988505747126436
    ],
    [
      0.6687071498530852,
      0.26582278481012656,
      0.062380952380952384,
      0.8160919540229885
    ],
    [
      0.6447110675808031,
      0.2468354430379747,
      0.06571428571428571,
      0.8793103448275862
    ],
    [
      0.6625857002938296,
      0.2689873417721519,
      0.055714285714285716,
      0.8563218390804598
    ],
    [
      0.6875612144955926,
      0.2689873417721519,
      0.06904761904761905,
      0.7988505747126436
    ],
    [
      0.6642997061704211,
      0.2610759493670886,
      0.060476190476190475,
      0.8563218390804598
    ],
    [
      0.6571988246816847,
      0.2674050632911392,
      0.06666666666666667,
      0.8390804597701149
    ]
  ],
  "val_specificity": [
    [
      0.725739848589126,
      0.6607423718150361,
      0.9785276073619632,
      0.6556631455399061
    ],
    [
      0.4607708189951824,
      0.863479081472161,
      0.9421267893660532,
      0.7948943661971831
    ],
    [
      0.4607708189951824,
      0.8954073608052847,
      0.865439672801636,
      0.8575410798122066
    ],
    [
      0.35547143840330353,
      0.9092481912551117,
      0.9102249488752556,
      0.909037558685446
    ],
    [
      0.45354439091534754,
      0.8928908461780434,
      0.9192229038854806,
      0.8232100938967136
    ],
    [
      0.44666207845836203,
      0.832809059452658,
      0.9441717791411043,
      0.8704518779342723
    ],
    [
      0.4439091534755678,
      0.8913180245360176,
      0.8797546012269939,
      0.875
    ],
    [
      0.42291810048176187,
      0.8391003460207612,
      0.9507157464212679,
      0.8769072769953051
    ],
    [
      0.4435650378527185,
      0.8351682919156967,
      0.9458077709611452,
      0.8697183098591549
    ],
    [
      0.4676531314521679,
      0.8499528153507392,
      0.9462167689161555,
      0.8318661971830986
    ],
    [
      0.4545767377838954,
      0.8373702422145328,
      0.9564417177914111,
      0.8509389671361502
    ],
    [
      0.43358568479008947,
      0.8389430638565587,
      0.9460122699386503,
      0.8835093896713615
    ],
    [
      0.45251204404679973,
      0.845548914753067,
      0.9535787321063395,
      0.8480046948356808
    ],
    [
      0.45836200963523743,
      0.8383139351997484,
      0.9466257668711656,
      0.8550469483568075
    ]
  ],
  "learning_rate": [
    0.000156,
    0.000156,
    0.000156,
    0.000156,
    0.000156,
    0.000156,
    0.000156,
    7.8e-05,
    7.8e-05,
    7.8e-05,
    3.9e-05,
    3.9e-05,
    3.9e-05,
    1.95e-05
  ],
  "learning_rate_dict": [
    {
      "cnn": 0.000156,
      "rnn": 5.66e-05,
      "fc": 0.000156
    },
    {
      "cnn": 0.000156,
      "rnn": 5.66e-05,
      "fc": 0.000156
    },
    {
      "cnn": 0.000156,
      "rnn": 5.66e-05,
      "fc": 0.000156
    },
    {
      "cnn": 0.000156,
      "rnn": 5.66e-05,
      "fc": 0.000156
    },
    {
      "cnn": 0.000156,
      "rnn": 5.66e-05,
      "fc": 0.000156
    },
    {
      "cnn": 0.000156,
      "rnn": 5.66e-05,
      "fc": 0.000156
    },
    {
      "cnn": 0.000156,
      "rnn": 5.66e-05,
      "fc": 0.000156
    },
    {
      "cnn": 7.8e-05,
      "rnn": 2.83e-05,
      "fc": 7.8e-05
    },
    {
      "cnn": 7.8e-05,
      "rnn": 2.83e-05,
      "fc": 7.8e-05
    },
    {
      "cnn": 7.8e-05,
      "rnn": 2.83e-05,
      "fc": 7.8e-05
    },
    {
      "cnn": 3.9e-05,
      "rnn": 1.415e-05,
      "fc": 3.9e-05
    },
    {
      "cnn": 3.9e-05,
      "rnn": 1.415e-05,
      "fc": 3.9e-05
    },
    {
      "cnn": 3.9e-05,
      "rnn": 1.415e-05,
      "fc": 3.9e-05
    },
    {
      "cnn": 1.95e-05,
      "rnn": 7.075e-06,
      "fc": 1.95e-05
    }
  ],
  "epochs_completed": 14,
  "best_epoch": 4,
  "best_val_f1": 0.4649870100405448,
  "stopped_early": true,
  "start_time": "2025-12-11T03:10:20.712465",
  "end_time": "2025-12-11T03:13:29.784917"
}