{
  "config": {},
  "train_loss": [
    1.3797046740849812,
    1.344711144765218,
    1.3004997127196367,
    1.2518457431419223,
    1.230437112789528,
    1.2110639366449094,
    1.1873979077619665,
    1.1769829953418058,
    1.177145451891656,
    1.157421296718074,
    1.1557668716299767,
    1.1518285648495543,
    1.1491427585190417
  ],
  "train_acc": [
    0.3281140996821952,
    0.2661809162080459,
    0.2867219595380203,
    0.30718548949693825,
    0.28470661189055113,
    0.294318269901558,
    0.31873498178435783,
    0.30610030230214713,
    0.3113712115339896,
    0.32307573056352223,
    0.30090690644136114,
    0.31385163940779787,
    0.30005425935973956
  ],
  "val_loss": [
    1.363143259828741,
    1.3070724552327937,
    1.2549999085339634,
    1.2404029152610085,
    1.2072561112317173,
    1.2076084505427966,
    1.2016995495015925,
    1.2039786143736406,
    1.2097185850143433,
    1.1973126368089155,
    1.2064192403446545,
    1.1983959783207287,
    1.1971496777100996
  ],
  "val_acc": [
    0.2622832369942196,
    0.2944364161849711,
    0.40209537572254334,
    0.34104046242774566,
    0.3110549132947977,
    0.3768063583815029,
    0.3302023121387283,
    0.3088872832369942,
    0.31141618497109824,
    0.3283959537572254,
    0.29877167630057805,
    0.29263005780346824,
    0.2973265895953757
  ],
  "val_f1": [
    0.3069039146201645,
    0.34182489084659623,
    0.3917105761372011,
    0.3681109357179928,
    0.34911986124506844,
    0.3765076377331437,
    0.35700460684669105,
    0.3385140637304514,
    0.3515590208998826,
    0.3574553999743499,
    0.33204848452851604,
    0.3300062678697108,
    0.3308924102156877
  ],
  "val_auroc": [
    0.5228021385511991,
    0.5303554250161641,
    0.5320550846291984,
    0.5382443641512886,
    0.5426013156692003,
    0.5411908380599119,
    0.5435023619378448,
    0.5405885211938835,
    0.5421393883542205,
    0.5428757223141206,
    0.5401793169692417,
    0.5424903129819592,
    0.545066547046476
  ],
  "val_sensitivity": [
    [
      0.2430254184748915,
      0.47297297297297297,
      0.24379232505643342,
      0.2765957446808511
    ],
    [
      0.4004959702417855,
      0.23423423423423423,
      0.08803611738148984,
      0.8297872340425532
    ],
    [
      0.6243025418474891,
      0.14414414414414414,
      0.039503386004514675,
      0.8297872340425532
    ],
    [
      0.463112213267204,
      0.4099099099099099,
      0.08465011286681716,
      0.6595744680851063
    ],
    [
      0.4135151890886547,
      0.36936936936936937,
      0.08239277652370203,
      0.8297872340425532
    ],
    [
      0.5616862988220707,
      0.32882882882882886,
      0.02708803611738149,
      0.851063829787234
    ],
    [
      0.453812771233726,
      0.40540540540540543,
      0.060948081264108354,
      0.8085106382978723
    ],
    [
      0.4153750774953503,
      0.45045045045045046,
      0.05191873589164785,
      0.8297872340425532
    ],
    [
      0.39801611903285805,
      0.44594594594594594,
      0.10045146726862303,
      0.6808510638297872
    ],
    [
      0.44513329200247986,
      0.42792792792792794,
      0.06433408577878104,
      0.8297872340425532
    ],
    [
      0.39429634221946686,
      0.4594594594594595,
      0.055304740406320545,
      0.851063829787234
    ],
    [
      0.3756974581525109,
      0.4594594594594595,
      0.06997742663656885,
      0.851063829787234
    ],
    [
      0.38933663980161193,
      0.481981981981982,
      0.05756207674943566,
      0.7872340425531915
    ]
  ],
  "val_specificity": [
    [
      0.7991341991341991,
      0.5648075412411626,
      0.7651434643995749,
      0.904446894524072
    ],
    [
      0.6675324675324675,
      0.8185388845247447,
      0.9139213602550478,
      0.6527012127894156
    ],
    [
      0.41904761904761906,
      0.9135899450117831,
      0.9617428267800212,
      0.7456817346563763
    ],
    [
      0.612987012987013,
      0.6983503534956795,
      0.9091392136025505,
      0.8390297684674752
    ],
    [
      0.6753246753246753,
      0.699528672427337,
      0.9202975557917109,
      0.7732451304667401
    ],
    [
      0.5359307359307359,
      0.762765121759623,
      0.9590860786397449,
      0.8133039323778023
    ],
    [
      0.6458874458874458,
      0.6857816182246661,
      0.926673751328374,
      0.8136714443219405
    ],
    [
      0.6857142857142857,
      0.6512175962293795,
      0.9373007438894793,
      0.8000735023888277
    ],
    [
      0.7038961038961039,
      0.6559308719560094,
      0.8905419766206164,
      0.822859242925395
    ],
    [
      0.6658008658008658,
      0.6763550667714061,
      0.9293304994686503,
      0.8103638368246968
    ],
    [
      0.7125541125541126,
      0.647682639434407,
      0.9303931987247609,
      0.7864755604557148
    ],
    [
      0.7212121212121212,
      0.6339355852317361,
      0.9335812964930924,
      0.7872105843439912
    ],
    [
      0.716017316017316,
      0.6197957580518461,
      0.9325185972369819,
      0.8081587651598677
    ]
  ],
  "learning_rate": [
    0.000792,
    0.000792,
    0.000792,
    0.000792,
    0.000792,
    0.000792,
    0.000396,
    0.000396,
    0.000396,
    0.000198,
    0.000198,
    0.000198,
    9.9e-05
  ],
  "learning_rate_dict": [
    {
      "cnn": 0.000792,
      "rnn": 1.59e-06,
      "fc": 0.000792
    },
    {
      "cnn": 0.000792,
      "rnn": 1.59e-06,
      "fc": 0.000792
    },
    {
      "cnn": 0.000792,
      "rnn": 1.59e-06,
      "fc": 0.000792
    },
    {
      "cnn": 0.000792,
      "rnn": 1.59e-06,
      "fc": 0.000792
    },
    {
      "cnn": 0.000792,
      "rnn": 1.59e-06,
      "fc": 0.000792
    },
    {
      "cnn": 0.000792,
      "rnn": 1.59e-06,
      "fc": 0.000792
    },
    {
      "cnn": 0.000396,
      "rnn": 7.95e-07,
      "fc": 0.000396
    },
    {
      "cnn": 0.000396,
      "rnn": 7.95e-07,
      "fc": 0.000396
    },
    {
      "cnn": 0.000396,
      "rnn": 7.95e-07,
      "fc": 0.000396
    },
    {
      "cnn": 0.000198,
      "rnn": 3.975e-07,
      "fc": 0.000198
    },
    {
      "cnn": 0.000198,
      "rnn": 3.975e-07,
      "fc": 0.000198
    },
    {
      "cnn": 0.000198,
      "rnn": 3.975e-07,
      "fc": 0.000198
    },
    {
      "cnn": 9.9e-05,
      "rnn": 1.9875e-07,
      "fc": 9.9e-05
    }
  ],
  "epochs_completed": 13,
  "best_epoch": 3,
  "best_val_f1": 0.3917105761372011,
  "stopped_early": true,
  "start_time": "2025-12-11T02:37:22.454443",
  "end_time": "2025-12-11T02:39:22.163383"
}