{
  "config": {},
  "train_loss": [
    1.3498933672958593,
    1.2973905083192558,
    1.2739601107368692,
    1.2621308601068797,
    1.2508028549918493,
    1.2297137289823736,
    1.214315576591955,
    1.2123295725652135,
    1.207386789266129,
    1.2026248267251416,
    1.2011003934527322,
    1.193768365475384
  ],
  "train_acc": [
    0.4093063153009998,
    0.3432143208696019,
    0.3869897205855469,
    0.40337209792864875,
    0.4180388958418292,
    0.4170967333680199,
    0.41383432002587434,
    0.4255621335058288,
    0.4188123127979413,
    0.4255902577587783,
    0.43011826248365276,
    0.43432283829960766
  ],
  "val_loss": [
    1.285961759165398,
    1.2351942392265272,
    1.228721656077063,
    1.2414268642601478,
    1.2838490384804628,
    1.2985130662813127,
    1.2995883784329116,
    1.31038681914409,
    1.300597842915503,
    1.316889090748578,
    1.312591945022282,
    1.309801987382101
  ],
  "val_acc": [
    0.3357358144410955,
    0.37734241908006816,
    0.3399947582230376,
    0.3625343991613157,
    0.3435984798846809,
    0.3232210719433888,
    0.32996985978246623,
    0.32256584982309,
    0.343008779976412,
    0.3294456820862272,
    0.3426156467042327,
    0.33743939195387235
  ],
  "val_f1": [
    0.3705047272554243,
    0.4093926234380449,
    0.37843056496161187,
    0.39896979518114145,
    0.3853527829685972,
    0.3636380834082823,
    0.372997214065494,
    0.37127186683572566,
    0.3880312079740094,
    0.37561572365808743,
    0.38255445630719265,
    0.3800958959523846
  ],
  "val_auroc": [
    0.5282743579816148,
    0.539559836990224,
    0.5456659787941344,
    0.549792421846041,
    0.5546346237866169,
    0.5544563894289447,
    0.559742644864129,
    0.5606648915434926,
    0.5624665424182824,
    0.563919985319719,
    0.5642014955358459,
    0.5651771375285949
  ],
  "val_sensitivity": [
    [
      0.3331827422633838,
      0.3353204172876304,
      0.32294736842105265,
      0.6012658227848101
    ],
    [
      0.4288457194488367,
      0.28315946348733234,
      0.28421052631578947,
      0.7341772151898734
    ],
    [
      0.3325050824486108,
      0.3315946348733234,
      0.3218947368421053,
      0.8575949367088608
    ],
    [
      0.44770725096001807,
      0.3450074515648286,
      0.17178947368421052,
      0.9177215189873418
    ],
    [
      0.4115653941721256,
      0.40014903129657226,
      0.1648421052631579,
      0.8860759493670886
    ],
    [
      0.3864919810255252,
      0.4433681073025335,
      0.13178947368421054,
      0.9177215189873418
    ],
    [
      0.38818613056245765,
      0.44485842026825634,
      0.14989473684210528,
      0.9177215189873418
    ],
    [
      0.33419923198554324,
      0.4202682563338301,
      0.2336842105263158,
      0.9177215189873418
    ],
    [
      0.39552744522249833,
      0.4113263785394933,
      0.18757894736842104,
      0.9177215189873418
    ],
    [
      0.3731646713349898,
      0.4433681073025335,
      0.17684210526315788,
      0.9145569620253164
    ],
    [
      0.41981025525186355,
      0.4254843517138599,
      0.1368421052631579,
      0.9208860759493671
    ],
    [
      0.39597921843234696,
      0.4403874813710879,
      0.1608421052631579,
      0.9145569620253164
    ]
  ],
  "val_specificity": [
    [
      0.6942883895131086,
      0.7915229885057471,
      0.7076674277016742,
      0.8525357955305768
    ],
    [
      0.6245318352059925,
      0.8429597701149425,
      0.7502853881278538,
      0.8470493777599357
    ],
    [
      0.7236267166042447,
      0.8208333333333333,
      0.7377283105022832,
      0.7958651144118828
    ],
    [
      0.6164169787765293,
      0.8491379310344828,
      0.879851598173516,
      0.7385253579553057
    ],
    [
      0.6725967540574282,
      0.8191091954022989,
      0.8802321156773212,
      0.7228020875150541
    ],
    [
      0.6885143570536829,
      0.7818247126436781,
      0.913527397260274,
      0.7064766492707079
    ],
    [
      0.7030274656679151,
      0.7842672413793104,
      0.9027777777777778,
      0.712431419777867
    ],
    [
      0.7609238451935081,
      0.8163074712643679,
      0.8220129375951294,
      0.7070119095410143
    ],
    [
      0.702247191011236,
      0.8185344827586207,
      0.866248097412481,
      0.7198581560283688
    ],
    [
      0.7304931335830213,
      0.7934626436781609,
      0.8714802130898022,
      0.7135688478522682
    ],
    [
      0.6805555555555556,
      0.8071839080459771,
      0.9049657534246576,
      0.7120968821089254
    ],
    [
      0.7052122347066168,
      0.7933189655172413,
      0.8825152207001522,
      0.72494312859628
    ]
  ],
  "learning_rate": [
    3.75e-05,
    3.75e-05,
    3.75e-05,
    3.75e-05,
    3.75e-05,
    1.875e-05,
    1.875e-05,
    1.875e-05,
    9.375e-06,
    9.375e-06,
    9.375e-06,
    4.6875e-06
  ],
  "learning_rate_dict": [
    {
      "cnn": 3.75e-05,
      "lstm": 1.73e-06,
      "fc": 3.75e-05
    },
    {
      "cnn": 3.75e-05,
      "lstm": 1.73e-06,
      "fc": 3.75e-05
    },
    {
      "cnn": 3.75e-05,
      "lstm": 1.73e-06,
      "fc": 3.75e-05
    },
    {
      "cnn": 3.75e-05,
      "lstm": 1.73e-06,
      "fc": 3.75e-05
    },
    {
      "cnn": 3.75e-05,
      "lstm": 1.73e-06,
      "fc": 3.75e-05
    },
    {
      "cnn": 1.875e-05,
      "lstm": 8.65e-07,
      "fc": 1.875e-05
    },
    {
      "cnn": 1.875e-05,
      "lstm": 8.65e-07,
      "fc": 1.875e-05
    },
    {
      "cnn": 1.875e-05,
      "lstm": 8.65e-07,
      "fc": 1.875e-05
    },
    {
      "cnn": 9.375e-06,
      "lstm": 4.325e-07,
      "fc": 9.375e-06
    },
    {
      "cnn": 9.375e-06,
      "lstm": 4.325e-07,
      "fc": 9.375e-06
    },
    {
      "cnn": 9.375e-06,
      "lstm": 4.325e-07,
      "fc": 9.375e-06
    },
    {
      "cnn": 4.6875e-06,
      "lstm": 2.1625e-07,
      "fc": 4.6875e-06
    }
  ],
  "epochs_completed": 12,
  "best_epoch": 2,
  "best_val_f1": 0.4093926234380449,
  "stopped_early": true,
  "start_time": "2025-12-11T01:58:54.708885",
  "end_time": "2025-12-11T02:09:14.455907"
}