{
  "config": {},
  "train_loss": [
    1.2939309837326172,
    1.1715138332238273,
    1.1352958494708651,
    1.1285217721310874,
    1.1108171736437178,
    1.1030573073833707,
    1.087711416066639,
    1.0790601945112621,
    1.0638846868560428,
    1.0536344198007432,
    1.0479310892877125,
    1.0425157651068673,
    1.0395485394530826,
    1.0343638843014127
  ],
  "train_acc": [
    0.2926403144791439,
    0.3318878108133404,
    0.3436183820547219,
    0.35416341684085734,
    0.38024521885626933,
    0.3758462546407513,
    0.3958443827410851,
    0.397373100801797,
    0.4094468536486444,
    0.41138114997036157,
    0.42270614295073783,
    0.42045986335132435,
    0.4288210151935856,
    0.4298817583377531
  ],
  "val_loss": [
    1.2311536456857408,
    1.2970927975007467,
    1.2051497186933244,
    1.261730541075979,
    1.1283553966454096,
    1.1421847258295332,
    1.1495307854243688,
    1.1182596342904227,
    1.1059174814394541,
    1.094434169786317,
    1.111142784357071,
    1.131720449243273,
    1.108840940254075,
    1.0974610831056322
  ],
  "val_acc": [
    0.17281831187410587,
    0.2522174535050071,
    0.25994277539341915,
    0.3317596566523605,
    0.3795422031473534,
    0.30915593705293276,
    0.3675250357653791,
    0.3587982832618026,
    0.4238912732474964,
    0.4317596566523605,
    0.4167381974248927,
    0.3517882689556509,
    0.41416309012875535,
    0.4195994277539342
  ],
  "val_f1": [
    0.1819722096970216,
    0.28543963574414705,
    0.30187447390432354,
    0.35482186181663017,
    0.41853204720518156,
    0.3410108489109859,
    0.39552995610775366,
    0.39556076906373877,
    0.44740027988476894,
    0.4638494327065762,
    0.43787759660811304,
    0.39326319958925365,
    0.447094787006723,
    0.44814748273599103
  ],
  "val_auroc": [
    0.5425355554507354,
    0.5471781697592183,
    0.5624605742723647,
    0.5613129456472137,
    0.584166917233899,
    0.5872649490015801,
    0.5888375029504743,
    0.6008747682397454,
    0.6069966802000708,
    0.6174033895000313,
    0.610789521677315,
    0.6061544530422052,
    0.614256147740761,
    0.6204117100194121
  ],
  "val_sensitivity": [
    [
      0.1540156709108717,
      0.5759493670886076,
      0.03380952380952381,
      0.8275862068965517
    ],
    [
      0.32859941234084233,
      0.34651898734177217,
      0.018571428571428572,
      0.9367816091954023
    ],
    [
      0.27007835455435847,
      0.48575949367088606,
      0.11619047619047619,
      0.9367816091954023
    ],
    [
      0.4691478942213516,
      0.29430379746835444,
      0.025238095238095237,
      0.9425287356321839
    ],
    [
      0.4135651322233105,
      0.34968354430379744,
      0.2795238095238095,
      0.896551724137931
    ],
    [
      0.35039177277179234,
      0.615506329113924,
      0.08666666666666667,
      0.9137931034482759
    ],
    [
      0.4708619000979432,
      0.4699367088607595,
      0.08904761904761904,
      0.9310344827586207
    ],
    [
      0.39789422135161606,
      0.5886075949367089,
      0.16952380952380952,
      0.8908045977011494
    ],
    [
      0.5406464250734574,
      0.43670886075949367,
      0.15285714285714286,
      0.9080459770114943
    ],
    [
      0.49485798237022527,
      0.5063291139240507,
      0.25047619047619046,
      0.867816091954023
    ],
    [
      0.5359941234084231,
      0.4778481012658228,
      0.12428571428571429,
      0.9252873563218391
    ],
    [
      0.39397649363369247,
      0.569620253164557,
      0.15523809523809523,
      0.9425287356321839
    ],
    [
      0.502203721841332,
      0.47468354430379744,
      0.18285714285714286,
      0.9195402298850575
    ],
    [
      0.5171400587659157,
      0.5063291139240507,
      0.1619047619047619,
      0.9252873563218391
    ]
  ],
  "val_specificity": [
    [
      0.8740536820371645,
      0.5014155394778232,
      0.9725971370143149,
      0.6901408450704225
    ],
    [
      0.7536132140399174,
      0.7681660899653979,
      0.9869120654396728,
      0.5638204225352113
    ],
    [
      0.8272539573296628,
      0.7102862535388487,
      0.9067484662576687,
      0.6518485915492958
    ],
    [
      0.6510667584308327,
      0.8442906574394463,
      0.9822085889570552,
      0.6214788732394366
    ],
    [
      0.7456985547143841,
      0.8271469015413652,
      0.7492842535787321,
      0.8132335680751174
    ],
    [
      0.7921541637990365,
      0.6318024536017616,
      0.9433537832310839,
      0.764231220657277
    ],
    [
      0.6940812112869924,
      0.763290342875118,
      0.9423312883435583,
      0.7439847417840375
    ],
    [
      0.7611837577426015,
      0.6786725385341302,
      0.894478527607362,
      0.8196889671361502
    ],
    [
      0.6455609084652443,
      0.7949040578798364,
      0.910838445807771,
      0.815580985915493
    ],
    [
      0.7033723331039229,
      0.784208870714061,
      0.8521472392638036,
      0.8510856807511737
    ],
    [
      0.6531314521679285,
      0.7875117961623151,
      0.9296523517382413,
      0.7984154929577465
    ],
    [
      0.7725395732966277,
      0.7425290972003775,
      0.9139059304703476,
      0.7341549295774648
    ],
    [
      0.6951135581555402,
      0.7916011324315823,
      0.8955010224948875,
      0.79856220657277
    ],
    [
      0.6792842395044735,
      0.7813777917584146,
      0.9224948875255624,
      0.801056338028169
    ]
  ],
  "learning_rate": [
    0.000968,
    0.000968,
    0.000968,
    0.000968,
    0.000968,
    0.000968,
    0.000968,
    0.000968,
    0.000484,
    0.000484,
    0.000484,
    0.000484,
    0.000484,
    0.000242
  ],
  "learning_rate_dict": [
    {
      "cnn": 0.000968,
      "lstm": 5.24e-06,
      "fc": 0.000968
    },
    {
      "cnn": 0.000968,
      "lstm": 5.24e-06,
      "fc": 0.000968
    },
    {
      "cnn": 0.000968,
      "lstm": 5.24e-06,
      "fc": 0.000968
    },
    {
      "cnn": 0.000968,
      "lstm": 5.24e-06,
      "fc": 0.000968
    },
    {
      "cnn": 0.000968,
      "lstm": 5.24e-06,
      "fc": 0.000968
    },
    {
      "cnn": 0.000968,
      "lstm": 5.24e-06,
      "fc": 0.000968
    },
    {
      "cnn": 0.000968,
      "lstm": 5.24e-06,
      "fc": 0.000968
    },
    {
      "cnn": 0.000968,
      "lstm": 5.24e-06,
      "fc": 0.000968
    },
    {
      "cnn": 0.000484,
      "lstm": 2.62e-06,
      "fc": 0.000484
    },
    {
      "cnn": 0.000484,
      "lstm": 2.62e-06,
      "fc": 0.000484
    },
    {
      "cnn": 0.000484,
      "lstm": 2.62e-06,
      "fc": 0.000484
    },
    {
      "cnn": 0.000484,
      "lstm": 2.62e-06,
      "fc": 0.000484
    },
    {
      "cnn": 0.000484,
      "lstm": 2.62e-06,
      "fc": 0.000484
    },
    {
      "cnn": 0.000242,
      "lstm": 1.31e-06,
      "fc": 0.000242
    }
  ],
  "epochs_completed": 14,
  "best_epoch": 10,
  "best_val_f1": 0.4638494327065762,
  "stopped_early": false,
  "start_time": "2025-12-11T10:52:32.368740",
  "end_time": null
}