{
  "config": {},
  "train_loss": [
    1.3478937243471052,
    1.1979348671318282,
    1.1281612863635073,
    1.1154269947864042,
    1.108810550505572,
    1.0952452214637605,
    1.0813721819679336,
    1.0707184589735352,
    1.0714749493221245,
    1.035239569031366,
    1.0282239990659279,
    1.032205082402371,
    1.0147154632181223,
    1.0123345096512597,
    1.008233364855889,
    1.0184316458088336
  ],
  "train_acc": [
    0.22083559413998916,
    0.27633516781644835,
    0.2853267188590032,
    0.3156344469420975,
    0.32144794977133556,
    0.34291915355398805,
    0.3625300364312844,
    0.3740020153476475,
    0.3795054646926595,
    0.39872878071467327,
    0.40361212309123323,
    0.3961708394698085,
    0.42399813967909467,
    0.4243857065343772,
    0.4164018293155569,
    0.4235330594527556
  ],
  "val_loss": [
    1.3039818839593367,
    1.2019915065982125,
    1.2849253090945156,
    1.2229772426865317,
    1.2074692140926013,
    1.1831936023452065,
    1.1775267774408513,
    1.1977607309818268,
    1.1792394247922031,
    1.1912306736816058,
    1.189543068408966,
    1.1954562989148227,
    1.1713474961844357,
    1.1637451296502894,
    1.16679816625335,
    1.1627203578298742
  ],
  "val_acc": [
    0.24458092485549132,
    0.2792630057803468,
    0.20881502890173412,
    0.28034682080924855,
    0.2680635838150289,
    0.40390173410404623,
    0.30057803468208094,
    0.3486271676300578,
    0.3959537572254335,
    0.2994942196531792,
    0.3161127167630058,
    0.31286127167630057,
    0.35079479768786126,
    0.345014450867052,
    0.345014450867052,
    0.34826589595375723
  ],
  "val_f1": [
    0.28689778913832925,
    0.22334007802852396,
    0.2511236337399495,
    0.2929873098328911,
    0.30726651329068827,
    0.4363519195827589,
    0.3427271058956556,
    0.39458864635645047,
    0.42311788746690654,
    0.3422669843370625,
    0.36033531228547616,
    0.35589376219866964,
    0.39096308346433695,
    0.38567160940403694,
    0.38466908426643937,
    0.3874644842917777
  ],
  "val_auroc": [
    0.5293469534355271,
    0.5472768392589512,
    0.537925573584633,
    0.5444234327783165,
    0.5500217419569542,
    0.5691107740492379,
    0.5692455023730437,
    0.5738175064424709,
    0.5715116846558141,
    0.574126860690941,
    0.5806592363778115,
    0.5777927138196862,
    0.5845066723359558,
    0.5857573082724409,
    0.5885425415448008,
    0.5878988744045902
  ],
  "val_sensitivity": [
    [
      0.29696218226906385,
      0.45495495495495497,
      0.06320541760722348,
      0.8723404255319149
    ],
    [
      0.06819590824550527,
      0.09009009009009009,
      0.6805869074492099,
      0.851063829787234
    ],
    [
      0.21326720396776194,
      0.481981981981982,
      0.09593679458239278,
      0.8936170212765957
    ],
    [
      0.17420954742715436,
      0.22072072072072071,
      0.45711060948081267,
      0.8723404255319149
    ],
    [
      0.2324860508369498,
      0.46396396396396394,
      0.2516930022573363,
      0.8723404255319149
    ],
    [
      0.4810911345319281,
      0.24324324324324326,
      0.2799097065462754,
      0.851063829787234
    ],
    [
      0.31122132672039676,
      0.5180180180180181,
      0.1963882618510158,
      0.8723404255319149
    ],
    [
      0.3967761934283943,
      0.3783783783783784,
      0.22686230248307,
      0.851063829787234
    ],
    [
      0.5207687538747675,
      0.3783783783783784,
      0.14785553047404063,
      0.8723404255319149
    ],
    [
      0.3217606943583385,
      0.545045045045045,
      0.17042889390519186,
      0.8085106382978723
    ],
    [
      0.33539987600743953,
      0.5405405405405406,
      0.1986455981941309,
      0.8085106382978723
    ],
    [
      0.3453192808431494,
      0.5225225225225225,
      0.17381489841986456,
      0.8297872340425532
    ],
    [
      0.3930564166150031,
      0.5180180180180181,
      0.2076749435665914,
      0.8085106382978723
    ],
    [
      0.37817730936143834,
      0.5315315315315315,
      0.21218961625282168,
      0.8297872340425532
    ],
    [
      0.34779913205207685,
      0.581081081081081,
      0.2562076749435666,
      0.8085106382978723
    ],
    [
      0.3911965282083075,
      0.5135135135135135,
      0.20316027088036118,
      0.8297872340425532
    ]
  ],
  "val_specificity": [
    [
      0.7835497835497836,
      0.6586802827965436,
      0.9309245483528161,
      0.6905549430356487
    ],
    [
      0.9636363636363636,
      0.9351924587588374,
      0.332624867162593,
      0.8044836457184859
    ],
    [
      0.8597402597402597,
      0.6115475255302435,
      0.905951115834219,
      0.6832047041528849
    ],
    [
      0.8606060606060606,
      0.8656716417910447,
      0.5260361317747078,
      0.7805953693495039
    ],
    [
      0.8251082251082251,
      0.6433621366849961,
      0.7630180658873539,
      0.8272693862550533
    ],
    [
      0.6320346320346321,
      0.8860958366064414,
      0.7332624867162593,
      0.8408673281881661
    ],
    [
      0.7878787878787878,
      0.6575019638648861,
      0.7933049946865037,
      0.8419698640205807
    ],
    [
      0.7264069264069264,
      0.7977219167321288,
      0.7800212539851222,
      0.794928335170893
    ],
    [
      0.6121212121212121,
      0.8130400628436764,
      0.8655685441020191,
      0.8180815876515987
    ],
    [
      0.780952380952381,
      0.6410054988216811,
      0.8251859723698194,
      0.8371922087467842
    ],
    [
      0.78008658008658,
      0.6677140612725845,
      0.8145589798087142,
      0.836824696802646
    ],
    [
      0.7653679653679654,
      0.6747839748625295,
      0.8209351753453773,
      0.828739434031606
    ],
    [
      0.7367965367965368,
      0.7105263157894737,
      0.7991498405951116,
      0.8610804851157663
    ],
    [
      0.7454545454545455,
      0.6963864886095836,
      0.8034006376195537,
      0.8618155090040426
    ],
    [
      0.7818181818181819,
      0.6779261586802828,
      0.7720510095642933,
      0.8853362734288864
    ],
    [
      0.7281385281385281,
      0.7003142183817753,
      0.8044633368756642,
      0.8680632120543917
    ]
  ],
  "learning_rate": [
    0.000826,
    0.000826,
    0.000826,
    0.000826,
    0.000826,
    0.000826,
    0.000826,
    0.000826,
    0.000826,
    0.000413,
    0.000413,
    0.000413,
    0.0002065,
    0.0002065,
    0.0002065,
    0.00010325
  ],
  "learning_rate_dict": [
    {
      "cnn": 0.000826,
      "lstm": 1.69e-05,
      "fc": 0.000826
    },
    {
      "cnn": 0.000826,
      "lstm": 1.69e-05,
      "fc": 0.000826
    },
    {
      "cnn": 0.000826,
      "lstm": 1.69e-05,
      "fc": 0.000826
    },
    {
      "cnn": 0.000826,
      "lstm": 1.69e-05,
      "fc": 0.000826
    },
    {
      "cnn": 0.000826,
      "lstm": 1.69e-05,
      "fc": 0.000826
    },
    {
      "cnn": 0.000826,
      "lstm": 1.69e-05,
      "fc": 0.000826
    },
    {
      "cnn": 0.000826,
      "lstm": 1.69e-05,
      "fc": 0.000826
    },
    {
      "cnn": 0.000826,
      "lstm": 1.69e-05,
      "fc": 0.000826
    },
    {
      "cnn": 0.000826,
      "lstm": 1.69e-05,
      "fc": 0.000826
    },
    {
      "cnn": 0.000413,
      "lstm": 8.45e-06,
      "fc": 0.000413
    },
    {
      "cnn": 0.000413,
      "lstm": 8.45e-06,
      "fc": 0.000413
    },
    {
      "cnn": 0.000413,
      "lstm": 8.45e-06,
      "fc": 0.000413
    },
    {
      "cnn": 0.0002065,
      "lstm": 4.225e-06,
      "fc": 0.0002065
    },
    {
      "cnn": 0.0002065,
      "lstm": 4.225e-06,
      "fc": 0.0002065
    },
    {
      "cnn": 0.0002065,
      "lstm": 4.225e-06,
      "fc": 0.0002065
    },
    {
      "cnn": 0.00010325,
      "lstm": 2.1125e-06,
      "fc": 0.00010325
    }
  ],
  "epochs_completed": 16,
  "best_epoch": 6,
  "best_val_f1": 0.4363519195827589,
  "stopped_early": true,
  "start_time": "2025-12-11T03:01:58.304318",