{
  "config": {},
  "train_loss": [
    1.3870296271720735,
    1.3800631808762502,
    1.3762617432835078,
    1.3727989804626692,
    1.3686460598860637,
    1.3634114306752045,
    1.3580483257180394,
    1.3488822741673725,
    1.3472977100622536,
    1.3408504644832988,
    1.3361266535697598,
    1.3327079441877876,
    1.3251192581535567,
    1.3331771177230496,
    1.3226819008883863,
    1.3282612588736091,
    1.3219456542836558,
    1.3275394587233516,
    1.3189465418310449,
    1.3297305316618173
  ],
  "train_acc": [
    0.1701418494690334,
    0.3807456786295636,
    0.4523680334857763,
    0.49740330206960703,
    0.5058522595147663,
    0.5005813502829238,
    0.4849236493295093,
    0.48585380978218745,
    0.43957832726145263,
    0.3688086194868615,
    0.3697387799395396,
    0.35237578482288195,
    0.3486551430121696,
    0.34276412681187507,
    0.3505929772885823,
    0.35237578482288195,
    0.3487326563832261,
    0.35160065111231686,
    0.3533834586466165,
    0.3526083249360515
  ],
  "val_loss": [
    1.3774231384540427,
    1.3699590351389743,
    1.3631599004241242,
    1.3549854604677223,
    1.3468726887100044,
    1.3387523149621898,
    1.332619543733268,
    1.3238425611079425,
    1.316067162601427,
    1.3074477020351367,
    1.3019445970140655,
    1.2958374968890487,
    1.2901713341131977,
    1.2842111354586723,
    1.2802679771664498,
    1.2743615295695163,
    1.2751795656379612,
    1.2742786941857174,
    1.2731727430190163,
    1.2711288791963424
  ],
  "val_acc": [
    0.31141618497109824,
    0.4421965317919075,
    0.528179190751445,
    0.5585260115606936,
    0.5614161849710982,
    0.5668352601156069,
    0.5697254335260116,
    0.559971098265896,
    0.5404624277456648,
    0.48735549132947975,
    0.4533959537572254,
    0.4288294797687861,
    0.40354046242774566,
    0.40065028901734107,
    0.4057080924855491,
    0.4093208092485549,
    0.4046242774566474,
    0.407514450867052,
    0.4028179190751445,
    0.41184971098265893
  ],
  "val_f1": [
    0.3078768068863469,
    0.38795451455167984,
    0.4264683088186076,
    0.4328891068674372,
    0.4334053918635552,
    0.4344645471367123,
    0.43750230828849,
    0.44373435129487365,
    0.4651685402626753,
    0.4751927598449207,
    0.45467560119212214,
    0.4323450673231855,
    0.4015354728706357,
    0.4002170549197467,
    0.40557899985860396,
    0.4102220023988954,
    0.40246867337218684,
    0.41122285258405994,
    0.4035404528884,
    0.4166097389199678
  ],
  "val_auroc": [
    0.5155616891518272,
    0.5217492255868567,
    0.5291215526913547,
    0.5326570658557493,
    0.537562619442719,
    0.5389239007451151,
    0.5370911548248049,
    0.5400043499969281,
    0.5409687074098634,
    0.5410664107819705,
    0.5443574679391687,
    0.5454732986283957,
    0.5460052240581401,
    0.5494317816656864,
    0.5497265128132802,
    0.550764290436819,
    0.5506858572817678,
    0.5516365121976418,
    0.5511179387947067,
    0.5515808548848561
  ],
  "val_sensitivity": [
    [
      0.44575325480471173,
      0.6441441441441441,
      0.0,
      0.0
    ],
    [
      0.7024178549287042,
      0.4099099099099099,
      0.0,
      0.0
    ],
    [
      0.8760074395536268,
      0.22072072072072071,
      0.0,
      0.0
    ],
    [
      0.9411035337879727,
      0.12612612612612611,
      0.0,
      0.0
    ],
    [
      0.9479231246125233,
      0.11261261261261261,
      0.0,
      0.0
    ],
    [
      0.9603223806571606,
      0.09009009009009009,
      0.0,
      0.0
    ],
    [
      0.9634221946683199,
      0.0990990990990991,
      0.001128668171557562,
      0.0
    ],
    [
      0.9349039057656541,
      0.10810810810810811,
      0.020316027088036117,
      0.0
    ],
    [
      0.861128332300062,
      0.13063063063063063,
      0.08803611738148984,
      0.0
    ],
    [
      0.6546807191568506,
      0.14414414414414414,
      0.2945823927765237,
      0.0
    ],
    [
      0.5449473031618103,
      0.14414414414414414,
      0.38826185101580135,
      0.0
    ],
    [
      0.46187228766274024,
      0.12162162162162163,
      0.4683972911963883,
      0.0
    ],
    [
      0.34593924364538126,
      0.13063063063063063,
      0.5981941309255079,
      0.0
    ],
    [
      0.3446993180409175,
      0.14864864864864866,
      0.5869074492099323,
      0.0
    ],
    [
      0.35337879727216365,
      0.14864864864864866,
      0.5857787810383747,
      0.02127659574468085
    ],
    [
      0.375077495350279,
      0.12612612612612611,
      0.5632054176072234,
      0.02127659574468085
    ],
    [
      0.3502789832610043,
      0.11711711711711711,
      0.5959367945823928,
      0.02127659574468085
    ],
    [
      0.37817730936143834,
      0.16666666666666666,
      0.5417607223476298,
      0.02127659574468085
    ],
    [
      0.3465592064476131,
      0.17117117117117117,
      0.5835214446952596,
      0.02127659574468085
    ],
    [
      0.3862368257904526,
      0.17117117117117117,
      0.5395033860045146,
      0.02127659574468085
    ]
  ],
  "val_specificity": [
    [
      0.5584415584415584,
      0.4516889238020424,
      1.0,
      1.0
    ],
    [
      0.3238095238095238,
      0.7003142183817753,
      1.0,
      1.0
    ],
    [
      0.1748917748917749,
      0.861351139041634,
      1.0,
      1.0
    ],
    [
      0.08051948051948052,
      0.9371563236449332,
      1.0,
      1.0
    ],
    [
      0.07445887445887446,
      0.9430479183032208,
      1.0,
      1.0
    ],
    [
      0.06493506493506493,
      0.9532600157109191,
      1.0,
      1.0
    ],
    [
      0.06926406926406926,
      0.9548311076197957,
      0.9994686503719448,
      1.0
    ],
    [
      0.08917748917748917,
      0.950903377847604,
      0.9782146652497343,
      1.0
    ],
    [
      0.1774891774891775,
      0.941476826394344,
      0.90807651434644,
      1.0
    ],
    [
      0.38095238095238093,
      0.9332285938727416,
      0.7162592986184909,
      1.0
    ],
    [
      0.4683982683982684,
      0.9289080911233307,
      0.6184909670563231,
      1.0
    ],
    [
      0.5367965367965368,
      0.9351924587588374,
      0.5318809776833157,
      1.0
    ],
    [
      0.6744588744588744,
      0.9261586802827966,
      0.42295430393198724,
      0.9996324880558618
    ],
    [
      0.6796536796536796,
      0.9230164964650432,
      0.4197662061636557,
      0.9996324880558618
    ],
    [
      0.6675324675324675,
      0.9265514532600158,
      0.4303931987247609,
      0.9992649761117236
    ],
    [
      0.6398268398268399,
      0.9359780047132757,
      0.4399574920297556,
      0.9992649761117236
    ],
    [
      0.6675324675324675,
      0.934406912804399,
      0.4181721572794899,
      0.9992649761117236
    ],
    [
      0.6329004329004329,
      0.9226237234878241,
      0.4596174282678002,
      0.9992649761117236
    ],
    [
      0.6753246753246753,
      0.9167321288295365,
      0.434643995749203,
      0.9992649761117236
    ],
    [
      0.6354978354978355,
      0.917910447761194,
      0.4707757704569607,
      0.9992649761117236
    ]
  ],
  "learning_rate": [
    4.39e-05,
    4.39e-05,
    4.39e-05,
    4.39e-05,
    4.39e-05,
    4.39e-05,
    4.39e-05,
    4.39e-05,
    4.39e-05,
    4.39e-05,
    4.39e-05,
    4.39e-05,
    4.39e-05,
    2.195e-05,
    2.195e-05,
    2.195e-05,
    1.0975e-05,
    1.0975e-05,
    1.0975e-05,
    5.4875e-06
  ],
  "learning_rate_dict": [
    {
      "cnn": 4.39e-05,
      "lstm": 1.26e-05,
      "fc": 4.39e-05
    },
    {
      "cnn": 4.39e-05,
      "lstm": 1.26e-05,
      "fc": 4.39e-05
    },
    {
      "cnn": 4.39e-05,
      "lstm": 1.26e-05,
      "fc": 4.39e-05
    },
    {
      "cnn": 4.39e-05,
      "lstm": 1.26e-05,
      "fc": 4.39e-05
    },
    {
      "cnn": 4.39e-05,
      "lstm": 1.26e-05,
      "fc": 4.39e-05
    },
    {
      "cnn": 4.39e-05,
      "lstm": 1.26e-05,