{
  "config": {},
  "train_loss": [
    1.3791570875904349,
    1.37399359947384,
    1.3649508008862485,
    1.3545773032278117,
    1.3479259288547063,
    1.3411979276945096,
    1.3447956295296697,
    1.3341967274646949,
    1.3217006771281214,
    1.3173697521485905,
    1.3115197061607153,
    1.29230532315698,
    1.292457386408702,
    1.2870919338547357,
    1.2745913318773308,
    1.272024116893806,
    1.2778870783524938,
    1.2602954335732035,
    1.2458555965435387,
    1.261254445308506,
    1.2481439871953266,
    1.2352199961643409,
    1.2288311634323386,
    1.2163467599023687,
    1.2098234604195792,
    1.206649742061549,
    1.2170402748454916,
    1.2070660070322528,
    1.2076752753836093,
    1.2086374045598625,
    1.189296633447751,
    1.1879449113465772,
    1.1843248697200623,
    1.1887733185350304,
    1.178240104919613,
    1.1874378005614374
  ],
  "train_acc": [
    0.16022013797380047,
    0.2955584838384621,
    0.3442368808619487,
    0.42725370126346796,
    0.44763971785132933,
    0.4350050383691187,
    0.4167893961708395,
    0.40694519804666307,
    0.4143864816680877,
    0.39012479652740095,
    0.3822959460506937,
    0.3957057592434695,
    0.3898147430431749,
    0.3915200372064181,
    0.39245019765909617,
    0.3871792884272537,
    0.39756608014882566,
    0.39872878071467327,
    0.4188047438183087,
    0.41151848693899695,
    0.41888225718936517,
    0.41942485078676073,
    0.4236105728238121,
    0.4301992093636152,
    0.43407487791644056,
    0.4250833268738857,
    0.4414386481668088,
    0.4139989148128052,
    0.4401984342299047,
    0.4439965894116735,
    0.4557011084412061,
    0.4607394775598791,
    0.45182543988838075,
    0.4628323385784048,
    0.44244632199054335,
    0.4560111619254321
  ],
  "val_loss": [
    1.3538263186641124,
    1.3481338818868,
    1.3385384096496407,
    1.3271947167385583,
    1.3210470744933205,
    1.3234074924183987,
    1.3080355723698933,
    1.3192308771199193,
    1.3358880856941486,
    1.3198392843378002,
    1.2868358280466892,
    1.2933543345023846,
    1.2816946855906783,
    1.290875099171167,
    1.2560158371925354,
    1.3038080937560947,
    1.2881560942222332,
    1.3017978113273094,
    1.2828102372158532,
    1.266995204591203,
    1.2371063725701694,
    1.2711078695867253,
    1.2441896542735484,
    1.2087660726459546,
    1.2530554026022724,
    1.2229729979887776,
    1.268977062455539,
    1.2392740626444763,
    1.2227735115193772,
    1.2351609797313297,
    1.2710835954238628,
    1.2260038475880677,
    1.2438346305112729,
    1.2297818201711808,
    1.249473516968475,
    1.2334289872783355
  ],
  "val_acc": [
    0.12572254335260116,
    0.27601156069364163,
    0.467485549132948,
    0.5635838150289018,
    0.559971098265896,
    0.5736994219653179,
    0.5466040462427746,
    0.5625,
    0.5661127167630058,
    0.536849710982659,
    0.5097543352601156,
    0.5263728323699421,
    0.5108381502890174,
    0.5097543352601156,
    0.5061416184971098,
    0.5252890173410405,
    0.5057803468208093,
    0.5473265895953757,
    0.5317919075144508,
    0.536849710982659,
    0.5148121387283237,
    0.523121387283237,
    0.5198699421965318,
    0.5036127167630058,
    0.5173410404624278,
    0.5075867052023122,
    0.493135838150289,
    0.5173410404624278,
    0.48735549132947975,
    0.525650289017341,
    0.5263728323699421,
    0.5144508670520231,
    0.5223988439306358,
    0.5126445086705202,
    0.5130057803468208,
    0.5115606936416185
  ],
  "val_f1": [
    0.09296120100962556,
    0.31181589664168124,
    0.4597418277430948,
    0.4597667721450578,
    0.46605916200252273,
    0.44485000557387855,
    0.47276156237833517,
    0.4691254004124561,
    0.45798967855243394,
    0.4729939230515737,
    0.48623628350154224,
    0.4851496552239895,
    0.4883620767680859,
    0.484922393357023,
    0.4899167406336912,
    0.4887706783978791,
    0.4853191419357691,
    0.49395188855113076,
    0.4814965280464085,
    0.4932960402206652,
    0.49587038008865747,
    0.49255594965817434,
    0.4971528178844691,
    0.4941715558265788,
    0.4916076141006045,
    0.49804576988035043,
    0.4825163093687159,
    0.4967544080968475,
    0.49068455714483206,
    0.49648868697258425,
    0.49073673127756634,
    0.4934634896832426,
    0.493187299995469,
    0.49629081315235424,
    0.4895272561446726,
    0.4943723857740629
  ],
  "val_auroc": [
    0.5206816161359362,
    0.5291338678469303,
    0.5321112120616391,
    0.5301514765151102,
    0.5382443060268899,
    0.543355378068324,
    0.5481977033967496,
    0.542468392010802,
    0.549934514015881,
    0.5547582351309972,
    0.5563051953609508,
    0.5569169694492275,
    0.5603615861263449,
    0.5588788291976718,
    0.5598112599476794,
    0.564901597260739,
    0.5693697477456654,
    0.5690687902766556,
    0.5702326011089025,
    0.5740068177946628,
    0.5775540612360109,
    0.577019208335007,
    0.5783277219247246,
    0.5780207521859172,
    0.5826577490752406,
    0.5775880998716104,
    0.5792215642424112,
    0.5817488009716913,
    0.5850835638608715,
    0.5852131484716524,
    0.5853850084772683,
    0.5853955021831848,
    0.5839623684375855,
    0.5855167641800755,
    0.5852542012065405,
    0.5861599503012391
  ],