{
  "config": {},
  "train_loss": [
    1.395944020097126,
    1.3816055973209993,
    1.3716156798013952,
    1.3615642637483611,
    1.3487872037059596,
    1.3359679041067545,
    1.3276278407413897
  ],
  "train_acc": [
    0.09459592479574762,
    0.3477563877209512,
    0.4516755023694683,
    0.45417856088197656,
    0.48032005399856564,
    0.4834559082024384,
    0.4857620969442999
  ],
  "val_loss": [
    1.382741702427654,
    1.3544456286500335,
    1.336583527379066,
    1.3206225023829463,
    1.3039839397686332,
    1.2709505990366265,
    1.2566606796012734
  ],
  "val_acc": [
    0.2506879832263137,
    0.49357882322107194,
    0.47916393657449874,
    0.4819813916917835,
    0.4829642248722317,
    0.529550517625475,
    0.5201153190931725
  ],
  "val_f1": [
    0.28544354998455046,
    0.45142603876833426,
    0.4532605667560078,
    0.4536675650490905,
    0.4522289283748656,
    0.4601992356456746,
    0.4622719772163295
  ],
  "val_auroc": [
    0.5100631550966436,
    0.5156985663903657,
    0.5247607337568514,
    0.5286279340103422,
    0.5277136339871511,
    0.532475391617545,
    0.5346260470649056
  ],
  "val_sensitivity": [
    [
      0.20815450643776823,
      0.0,
      0.3835789473684211,
      0.509493670886076
    ],
    [
      0.7512988479783149,
      0.0,
      0.1713684210526316,
      0.2120253164556962
    ],
    [
      0.672803252767111,
      0.0,
      0.27073684210526316,
      0.22151898734177214
    ],
    [
      0.6869211655748814,
      0.0022354694485842027,
      0.248,
      0.29430379746835444
    ],
    [
      0.7053309238762141,
      0.014157973174366617,
      0.2094736842105263,
      0.35443037974683544
    ],
    [
      0.8361192681274,
      0.02608047690014903,
      0.11810526315789474,
      0.2626582278481013
    ],
    [
      0.807092839394624,
      0.037257824143070044,
      0.13557894736842105,
      0.310126582278481
    ]
  ],
  "val_specificity": [
    [
      0.7862047440699126,
      1.0,
      0.6189117199391172,
      0.5945403452428744
    ],
    [
      0.259207240948814,
      1.0,
      0.8260083713850838,
      0.9228556135420848
    ],
    [
      0.331772784019975,
      0.9999281609195402,
      0.7134703196347032,
      0.9562424729024488
    ],
    [
      0.3208489388264669,
      0.9979166666666667,
      0.73382800608828,
      0.9513582229359026
    ],
    [
      0.2999375780274657,
      0.9819683908045977,
      0.7751141552511416,
      0.9471430483072394
    ],
    [
      0.18071161048689138,
      0.9831896551724137,
      0.8689117199391172,
      0.9787234042553191
    ],
    [
      0.21410736579275905,
      0.9711206896551724,
      0.857496194824962,
      0.9740398768901378
    ]
  ],
  "learning_rate": [
    1.49e-05,
    1.49e-05,
    1.49e-05,
    1.49e-05,
    1.49e-05,
    1.49e-05,
    1.49e-05
  ],
  "learning_rate_dict": [
    {
      "cnn": 1.49e-05,
      "lstm": 3.85e-06,
      "fc": 1.49e-05
    },
    {
      "cnn": 1.49e-05,
      "lstm": 3.85e-06,
      "fc": 1.49e-05
    },
    {
      "cnn": 1.49e-05,
      "lstm": 3.85e-06,
      "fc": 1.49e-05
    },
    {
      "cnn": 1.49e-05,
      "lstm": 3.85e-06,
      "fc": 1.49e-05
    },
    {
      "cnn": 1.49e-05,
      "lstm": 3.85e-06,
      "fc": 1.49e-05
    },
    {
      "cnn": 1.49e-05,
      "lstm": 3.85e-06,
      "fc": 1.49e-05
    },
    {
      "cnn": 1.49e-05,
      "lstm": 3.85e-06,
      "fc": 1.49e-05
    }
  ],
  "epochs_completed": 7,
  "best_epoch": 7,
  "best_val_f1": 0.4622719772163295,
  "stopped_early": false,
  "start_time": "2025-12-11T02:51:16.108973",
  "end_time": null
}