{
  "config": {},
  "train_loss": [
    1.3918430910390966,
    1.386782185119741,
    1.383618505562053,
    1.3804595154874466,
    1.376692591344609,
    1.3742660459350138,
    1.370709761100657,
    1.3657658608520733,
    1.3599873115034664,
    1.356954928706674,
    1.3523747903459213,
    1.3501492475762087,
    1.3474581942838781,
    1.3413607127526228,
    1.3418523020604078,
    1.339209158630932
  ],
  "train_acc": [
    0.11185179443453996,
    0.13332299821719246,
    0.16890163553212928,
    0.17719556623517557,
    0.17696302612200604,
    0.18021858770637936,
    0.17052941632431595,
    0.16425083326873885,
    0.14673281140996822,
    0.1432447097124254,
    0.1378962871095264,
    0.1400666614991086,
    0.14487249050461204,
    0.14812805208898536,
    0.14564762421517713,
    0.14789551197581582
  ],
  "val_loss": [
    1.3942206939061483,
    1.3899572928746542,
    1.3853410641352335,
    1.3833064317703248,
    1.3816499710083008,
    1.379544488588969,
    1.3768758614857992,
    1.3728180329004924,
    1.3675037145614624,
    1.3671217997868856,
    1.3646201848983766,
    1.3625775973002117,
    1.3614195585250854,
    1.3598912954330444,
    1.3580905437469482,
    1.3580456654230753
  ],
  "val_acc": [
    0.08164739884393063,
    0.08526011560693642,
    0.1593208092485549,
    0.18352601156069365,
    0.18713872832369943,
    0.20086705202312138,
    0.1954479768786127,
    0.19328034682080925,
    0.1773843930635838,
    0.17052023121387283,
    0.15643063583815028,
    0.1708815028901734,
    0.1708815028901734,
    0.17304913294797689,
    0.16979768786127167,
    0.17449421965317918
  ],
  "val_f1": [
    0.015468411832866935,
    0.022366621461260325,
    0.11508007374852429,
    0.12869723812335002,
    0.1326812321041619,
    0.13826464680691594,
    0.13573665313090005,
    0.13457957821532643,
    0.12828399328033008,
    0.1267263085449793,
    0.12129348322838462,
    0.1288102637722807,
    0.1283895537979545,
    0.1295496898881871,
    0.1271600909668689,
    0.13012113846614556
  ],
  "val_auroc": [
    0.5021868086763754,
    0.5118735010021442,
    0.5168571914921714,
    0.5171365006033026,
    0.5168249867465248,
    0.5225188563020798,
    0.5263047534210907,
    0.5280462714715326,
    0.5335275469133007,
    0.5300091605633608,
    0.5344238461481973,
    0.5341817603073811,
    0.5341880310736326,
    0.5346112825024437,
    0.5351870994080276,
    0.5341578014734271
  ],
  "val_sensitivity": [
    [
      0.0,
      0.9954954954954955,
      0.0056433408577878106,
      0.0
    ],
    [
      0.0,
      0.9954954954954955,
      0.016930022573363433,
      0.0
    ],
    [
      0.0,
      0.7387387387387387,
      0.3126410835214447,
      0.0
    ],
    [
      0.0,
      0.6486486486486487,
      0.40970654627539504,
      0.02127659574468085
    ],
    [
      0.0,
      0.6036036036036037,
      0.42776523702031605,
      0.10638297872340426
    ],
    [
      0.0,
      0.5495495495495496,
      0.48419864559819414,
      0.10638297872340426
    ],
    [
      0.0,
      0.5225225225225225,
      0.46613995485327314,
      0.2553191489361702
    ],
    [
      0.0,
      0.45045045045045046,
      0.4751693002257336,
      0.2978723404255319
    ],
    [
      0.0,
      0.45045045045045046,
      0.4142212189616253,
      0.5106382978723404
    ],
    [
      0.0006199628022318661,
      0.47297297297297297,
      0.38826185101580135,
      0.46808510638297873
    ],
    [
      0.0006199628022318661,
      0.45045045045045046,
      0.3431151241534989,
      0.5957446808510638
    ],
    [
      0.0012399256044637321,
      0.4369369369369369,
      0.39164785553047404,
      0.574468085106383
    ],
    [
      0.0012399256044637321,
      0.45495495495495497,
      0.38826185101580135,
      0.5531914893617021
    ],
    [
      0.0012399256044637321,
      0.4594594594594595,
      0.3927765237020316,
      0.574468085106383
    ],
    [
      0.0012399256044637321,
      0.44594594594594594,
      0.38148984198645597,
      0.6595744680851063
    ],
    [
      0.0006199628022318661,
      0.44594594594594594,
      0.40293453724604966,
      0.5531914893617021
    ]
  ],
  "val_specificity": [
    [
      1.0,
      0.00589159465828751,
      0.9941551540913921,
      1.0
    ],
    [
      1.0,
      0.01767478397486253,
      0.9845908607863975,
      0.9992649761117236
    ],
    [
      1.0,
      0.3102906520031422,
      0.7013815090329437,
      0.9966923925027563
    ],
    [
      1.0,
      0.42498036135113904,
      0.5961742826780021,
      0.9867695700110254
    ],
    [
      1.0,
      0.4642576590730558,
      0.5903294367693943,
      0.9577361264241088
    ],
    [
      1.0,
      0.5208169677926159,
      0.5281615302869288,
      0.9617787578096288
    ],
    [
      1.0,
      0.5380989787902593,
      0.5361317747077577,
      0.9345828739434031
    ],
    [
      1.0,
      0.6170463472113119,
      0.5111583421891605,
      0.8757809628812936
    ],
    [
      1.0,
      0.6229379418695994,
      0.5743889479277364,
      0.8103638368246968
    ],
    [
      1.0,
      0.5758051846032993,
      0.6153028692879915,
      0.8191841234840133
    ],
    [
      1.0,
      0.5950510604870385,
      0.6700318809776833,
      0.74898934215362
    ],
    [
      1.0,
      0.6237234878240377,
      0.6184909670563231,
      0.7725101065784638
    ],
    [
      1.0,
      0.6139041633935586,
      0.6200850159404888,
      0.7805953693495039
    ],
    [
      0.9991341991341991,
      0.6233307148468186,
      0.6174282678002125,
      0.7761852260198456
    ],
    [
      0.9991341991341991,
      0.6445404556166536,
      0.6179596174282678,
      0.7526644615950019
    ],
    [
      1.0,
      0.6374705420267086,
      0.6078639744952179,
      0.7706725468577729
    ]
  ],
  "learning_rate": [
    0.000132,
    0.000132,
    0.000132,
    0.000132,
    0.000132,
    0.000132,
    0.000132,
    0.000132,
    0.000132,
    6.6e-05,
    6.6e-05,
    6.6e-05,
    3.3e-05,
    3.3e-05,
    3.3e-05,
    1.65e-05
  ],
  "learning_rate_dict": [
    {
      "cnn": 0.000132,
      "lstm": 3.14e-06,
      "fc": 0.000132
    },
    {
      "cnn": 0.000132,
      "lstm": 3.14e-06,
      "fc": 0.000132
    },
    {
      "cnn": 0.000132,
      "lstm": 3.14e-06,
      "fc": 0.000132
    },
    {
      "cnn": 0.000132,
      "lstm": 3.14e-06,
      "fc": 0.000132
    },
    {
      "cnn": 0.000132,
      "lstm": 3.14e-06,
      "fc": 0.000132
    },
    {
      "cnn": 0.000132,
      "lstm": 3.14e-06,
      "fc": 0.000132
    },
    {
      "cnn": 0.000132,
      "lstm": 3.14e-06,
      "fc": 0.000132
    },
    {
      "cnn": 0.000132,
      "lstm": 3.14e-06,
      "fc": 0.000132
    },
    {
      "cnn": 0.000132,
      "lstm": 3.14e-06,
      "fc": 0.000132
    },
    {
      "cnn": 6.6e-05,
      "lstm": 1.57e-06,
      "fc": 6.6e-05
    },
    {
      "cnn": 6.6e-05,
      "lstm": 1.57e-06,
      "fc": 6.6e-05
    },
    {
      "cnn": 6.6e-05,
      "lstm": 1.57e-06,
      "fc": 6.6e-05
    },
    {
      "cnn": 3.3e-05,
      "lstm": 7.85e-07,
      "fc": 3.3e-05
    },
    {
      "cnn": 3.3e-05,
      "lstm": 7.85e-07,
      "fc": 3.3e-05
    },
    {
      "cnn": 3.3e-05,
      "lstm": 7.85e-07,
      "fc": 3.3e-05
    },
    {
      "cnn": 1.65e-05,
      "lstm": 3.925e-07,
      "fc": 1.65e-05
    }
  ],
  "epochs_completed": 16,
  "best_epoch": 6,
  "best_val_f1": 0.13826464680691594,
  "stopped_early": true,
  "start_time": "2025-12-11T02:34:49.948376",
  "end_time": "2025-12-11T02:37:10.817356"
}