{
  "config": {},
  "train_loss": [
    1.0467853374237
  ],
  "train_acc": [
    0.43238226484609005
  ],
  "val_loss": [
    1.135401763021946
  ],
  "val_acc": [
    0.4695976936181365
  ],
  "val_f1": [
    0.43769042329069785
  ],
  "val_auroc": [
    0.5694233635946289
  ],
  "val_sensitivity": [
    [
      0.6889541450192004,
      0.4284649776453055,
      0.046526315789473686,
      0.8575949367088608
    ]
  ],
  "val_specificity": [
    [
      0.4364856429463171,
      0.8688936781609196,
      0.9584284627092846,
      0.8513314599223872
    ]
  ],
  "learning_rate": [
    4.29e-05
  ],
  "learning_rate_dict": [
    null
  ],
  "epochs_completed": 1,
  "best_epoch": 1,
  "best_val_f1": 0.43769042329069785,
  "stopped_early": false,
  "start_time": "2025-12-11T13:18:10.422283",
  "end_time": null
}