{
  "config": {},
  "train_loss": [
    1.3644980570609622,
    1.2824047210512401,
    1.2001073531431259,
    1.1779767630769193,
    1.1657094342245473,
    1.1524289158179606,
    1.1423371530158057,
    1.1323874144674204,
    1.1357797308684252,
    1.1352566376114064,
    1.1239376911263672,
    1.1196023114829612,
    1.1191763510699753,
    1.1147284126110215
  ],
  "train_acc": [
    0.37642906360299805,
    0.2870642498558632,
    0.2892579415859266,
    0.2864033299115492,
    0.31293856256943176,
    0.3265507009970048,
    0.3325552290017296,
    0.3391784905713442,
    0.3494157186449735,
    0.3555327436614965,
    0.3575014413679637,
    0.3623528750017578,
    0.3655027913321052,
    0.3622403779899596
  ],
  "val_loss": [
    1.2886014114363922,
    1.3510834766731104,
    1.3696821894356397,
    1.4820528635170669,
    1.358786435805604,
    1.4555860365035644,
    1.41839845896266,
    1.4584494071026726,
    1.4337644125627174,
    1.409168147018265,
    1.4051268401255668,
    1.4577705760381212,
    1.37088561955855,
    1.3716723210642028
  ],
  "val_acc": [
    0.22886908662036431,
    0.23522474118726247,
    0.20318437950465207,
    0.201611846415935,
    0.23221071943388807,
    0.23201415279779847,
    0.24138382911807102,
    0.23627309657974052,
    0.28384222251343205,
    0.25566767134058443,
    0.25651946009697285,
    0.2590093041541082,
    0.2785349233390119,
    0.2798453675796095
  ],
  "val_f1": [
    0.2573107608904059,
    0.2277975856546371,
    0.1593492759865569,
    0.1581721744838958,
    0.1727246140642656,
    0.1961455457882456,
    0.18177868652433882,
    0.19534591607974786,
    0.3046871063351588,
    0.22645050610510747,
    0.23434988367928877,
    0.26496988759751094,
    0.28194736573034085,
    0.2813221931063206
  ],
  "val_auroc": [
    0.5141795278723444,
    0.5128522288449715,
    0.5137662809979964,
    0.5173982048594767,
    0.5200683119848575,
    0.5169023614217416,
    0.5201610775494726,
    0.5171643918886013,
    0.51726413698754,
    0.5172852884682406,
    0.5198412825501117,
    0.5168725980413944,
    0.520025941749673,
    0.5206126595712693
  ],
  "val_sensitivity": [
    [
      0.14343799412694827,
      0.1885245901639344,
      0.3545263157894737,
      0.9050632911392406
    ],
    [
      0.08899932234018523,
      0.169150521609538,
      0.47642105263157897,
      0.9873417721518988
    ],
    [
      0.014795572622543484,
      0.23397913561847988,
      0.49326315789473685,
      0.990506329113924
    ],
    [
      0.012649649875762368,
      0.19970193740685543,
      0.5012631578947369,
      1.0
    ],
    [
      0.01863564490625706,
      0.20491803278688525,
      0.588,
      0.9841772151898734
    ],
    [
      0.05093742941043596,
      0.07600596125186289,
      0.5629473684210526,
      0.9936708860759493
    ],
    [
      0.030155861757397786,
      0.08196721311475409,
      0.6305263157894737,
      0.9873417721518988
    ],
    [
      0.050372712898125144,
      0.05663189269746647,
      0.5833684210526315,
      0.990506329113924
    ],
    [
      0.2017167381974249,
      0.07451564828614009,
      0.44926315789473686,
      0.9873417721518988
    ],
    [
      0.08346510051953919,
      0.06408345752608048,
      0.5821052631578948,
      0.9873417721518988
    ],
    [
      0.08933815224757172,
      0.09761549925484352,
      0.5644210526315789,
      0.9873417721518988
    ],
    [
      0.14434154054664558,
      0.06110283159463487,
      0.48,
      0.990506329113924
    ],
    [
      0.15642647391009712,
      0.10357675111773472,
      0.5088421052631579,
      0.9810126582278481
    ],
    [
      0.1517957985091484,
      0.11922503725782414,
      0.5172631578947369,
      0.9810126582278481
    ]
  ],
  "val_specificity": [
    [
      0.8564294631710362,
      0.8635057471264368,
      0.6997716894977168,
      0.6124046567643516
    ],
    [
      0.8984082397003745,
      0.8874281609195402,
      0.5863774733637748,
      0.6583701324769169
    ],
    [
      0.9861111111111112,
      0.8785201149425287,
      0.5564117199391172,
      0.6174227217984745
    ],
    [
      0.9886079900124844,
      0.9150143678160919,
      0.550513698630137,
      0.5849056603773585
    ],
    [
      0.9770599250936329,
      0.9150862068965517,
      0.466324200913242,
      0.6802488960256925
    ],
    [
      0.9394506866416978,
      0.9780172413793103,
      0.4866818873668189,
      0.623243677238057
    ],
    [
      0.9692571785268415,
      0.9844109195402299,
      0.4199010654490107,
      0.6610464338284491
    ],
    [
      0.9488139825218477,
      0.9897988505747126,
      0.4622336377473364,
      0.6298006155493109
    ],
    [
      0.7824594257178527,
      0.9839798850574712,
      0.5989345509893456,
      0.6589723002810116
    ],
    [
      0.9040262172284644,
      0.9878591954022988,
      0.4617579908675799,
      0.6709487488291181
    ],
    [
      0.9010611735330837,
      0.9728448275862069,
      0.4885844748858447,
      0.6682055399437977
    ],
    [
      0.83458177278402,
      0.9890804597701149,
      0.554699391171994,
      0.6376287970025425
    ],
    [
      0.8270911360799001,
      0.9710488505747127,
      0.535958904109589,
      0.6907533788304563
    ],
    [
      0.8348938826466916,
      0.9656609195402299,
      0.5316780821917808,
      0.6967750568714037
    ]
  ],
  "learning_rate": [
    3.72e-05,
    3.72e-05,
    3.72e-05,
    3.72e-05,
    1.86e-05,
    1.86e-05,
    1.86e-05,
    9.3e-06,
    9.3e-06,
    9.3e-06,
    9.3e-06,
    9.3e-06,
    4.65e-06,
    4.65e-06
  ],
  "learning_rate_dict": [
    null,
    null,
    null,
    null,
    null,
    null,
    null,
    null,
    null,
    null,
    null,
    null,
    null,
    null
  ],
  "epochs_completed": 14,
  "best_epoch": 9,
  "best_val_f1": 0.3046871063351588,
  "stopped_early": false,
  "start_time": "2025-12-11T11:56:33.066571",
  "end_time": null
}