{
  "config": {},
  "train_loss": [
    1.380722841984934,
    1.3796853794039583,
    1.3789003971669314,
    1.378550576863529,
    1.3775487814447005,
    1.3770943918674112,
    1.3763930789000696,
    1.375899177661045,
    1.3757746935748367,
    1.3752458886705714
  ],
  "train_acc": [
    0.36260599327830356,
    0.3399940939068806,
    0.3295599960626046,
    0.3142322782051102,
    0.3042059820286024,
    0.2978358387355336,
    0.29513591045237864,
    0.29185943498375827,
    0.29059384360102936,
    0.2896657432536948
  ],
  "val_loss": [
    1.3665060569842657,
    1.3663764288028082,
    1.3663628687461218,
    1.3660551796356837,
    1.365623058875402,
    1.3656197259823482,
    1.365422894557317,
    1.3650980442762375,
    1.3649733901023864,
    1.3648678412040074
  ],
  "val_acc": [
    0.37642510811164986,
    0.3672519984274669,
    0.356440833442537,
    0.3480539903027126,
    0.34674354606211505,
    0.3412396802516053,
    0.3378980474380815,
    0.33894640283055955,
    0.33868431398244003,
    0.3360634255012449
  ],
  "val_f1": [
    0.3825346344886162,
    0.3720742510627252,
    0.35894733671155266,
    0.34893366724539443,
    0.3460188623010169,
    0.33763521231872684,
    0.332687190135684,
    0.33330490154488557,
    0.3336403011639952,
    0.3285011108979364
  ],
  "val_auroc": [
    0.5104355767362464,
    0.5112922610967644,
    0.5122535900388171,
    0.5129363030551293,
    0.513339357286287,
    0.5135300417206536,
    0.5140573214888524,
    0.5139379181727413,
    0.5141778379153771,
    0.514274778703835
  ],
  "val_sensitivity": [
    [
      0.3383781341766433,
      0.1661698956780924,
      0.5317894736842105,
      0.0
    ],
    [
      0.31081996837587533,
      0.19150521609538004,
      0.5465263157894736,
      0.0
    ],
    [
      0.2806641066184775,
      0.21385991058122206,
      0.5616842105263158,
      0.0
    ],
    [
      0.2602213688728258,
      0.23099850968703428,
      0.568,
      0.0
    ],
    [
      0.253444770725096,
      0.23174366616989567,
      0.5762105263157895,
      0.0
    ],
    [
      0.23831036819516602,
      0.23845007451564829,
      0.5848421052631579,
      0.0
    ],
    [
      0.22904901739326858,
      0.2429210134128167,
      0.5901052631578947,
      0.0
    ],
    [
      0.2296137339055794,
      0.2391952309985097,
      0.5934736842105263,
      0.0
    ],
    [
      0.23063022362773888,
      0.2414307004470939,
      0.5901052631578947,
      0.0
    ],
    [
      0.22159475943076576,
      0.2406855439642325,
      0.5987368421052631,
      0.0
    ]
  ],
  "val_specificity": [
    [
      0.6665106117353309,
      0.8701149425287357,
      0.4699391171993912,
      1.0
    ],
    [
      0.6981897627965044,
      0.8557471264367816,
      0.4563356164383562,
      1.0
    ],
    [
      0.7308052434456929,
      0.8379310344827586,
      0.4443493150684932,
      1.0
    ],
    [
      0.7537453183520599,
      0.8224137931034483,
      0.4387366818873668,
      1.0
    ],
    [
      0.7618601747815231,
      0.8232040229885057,
      0.4308409436834094,
      1.0
    ],
    [
      0.7740324594257179,
      0.8198994252873564,
      0.4198059360730594,
      1.0
    ],
    [
      0.7838639200998752,
      0.815301724137931,
      0.415144596651446,
      0.9999330924662116
    ],
    [
      0.784019975031211,
      0.819037356321839,
      0.4116248097412481,
      0.9999330924662116
    ],
    [
      0.7823033707865169,
      0.8169540229885057,
      0.4152397260273973,
      0.9997992773986351
    ],
    [
      0.7899500624219725,
      0.8193247126436781,
      0.4040144596651446,
      0.9995316472634819
    ]
  ],
  "learning_rate": [
    3.82e-06,
    3.82e-06,
    3.82e-06,
    3.82e-06,
    1.91e-06,
    1.91e-06,
    1.91e-06,
    9.55e-07,
    9.55e-07,
    9.55e-07
  ],
  "learning_rate_dict": [
    null,
    null,
    null,
    null,
    null,
    null,
    null,
    null,
    null,
    null
  ],
  "epochs_completed": 10,
  "best_epoch": 1,
  "best_val_f1": 0.3825346344886162,
  "stopped_early": false,
  "start_time": "2025-12-10T22:39:29.395853",
  "end_time": null
}