{
  "config": {},
  "train_loss": [
    1.3647202296242005,
    1.3610067411794675
  ],
  "train_acc": [
    0.38327731919620883,
    0.38254608861952105
  ],
  "val_loss": [
    1.3621281891498926,
    1.419786517475136
  ],
  "val_acc": [
    0.2492464945616564,
    0.1980081247542917
  ],
  "val_f1": [
    0.30353845013899566,
    0.2566547822921796
  ],
  "val_auroc": [
    0.5190074885443883,
    0.5190721262503075
  ],
  "val_sensitivity": [
    [
      0.345719448836684,
      0.042473919523099854,
      0.0871578947368421,
      0.8607594936708861
    ],
    [
      0.25581658007680147,
      0.04843517138599106,
      0.08315789473684211,
      0.939873417721519
    ]
  ],
  "val_specificity": [
    [
      0.6805555555555556,
      0.9637931034482758,
      0.9156202435312024,
      0.4634015790177974
    ],
    [
      0.7642009987515606,
      0.9536637931034483,
      0.9295091324200914,
      0.37488291181587047
    ]
  ],
  "learning_rate": [
    9.55e-06,
    9.55e-06
  ],
  "learning_rate_dict": [
    null,
    null
  ],
  "epochs_completed": 2,
  "best_epoch": 1,
  "best_val_f1": 0.30353845013899566,
  "stopped_early": false,
  "start_time": "2025-12-11T02:21:30.894007",
  "end_time": null
}