{
  "mean_peak_position": {
    "mean": 2.0733333333333333,
    "std": 1.412917784822127,
    "min": 0.02666666666666667,
    "max": 4.46
  },
  "attention_spread": {
    "mean": 1.4139994704468921,
    "std": 0.11752892397810517,
    "min": 1.0760740856055317,
    "max": 1.6084418268511966
  },
  "max_attention": {
    "mean": 0.9864513271416809,
    "std": 0.01580405274172761,
    "min": 0.9317279628628945,
    "max": 0.999647265040453
  },
  "attention_above_threshold": {
    "mean": 0.05103333333333333,
    "std": 0.051752176551115005,
    "min": 0.006,
    "max": 0.22933333333333333
  }
}